fips,county_name,state,lat,lon,pop,median_income,rucc
01001,Autauga County,AL,32.532237,-86.64644,58761,68315.0,2.0
01003,Baldwin County,AL,30.659218,-87.746067,233420,71039.0,3.0
01005,Barbour County,AL,31.870069,-85.400142,24877,39712.0,6.0
01007,Bibb County,AL,33.015893,-87.127148,22251,50669.0,1.0
01009,Blount County,AL,33.977358,-86.56644,59077,57440.0,1.0
01011,Bullock County,AL,32.101759,-85.717261,10328,36136.0,8.0
01013,Butler County,AL,31.751667,-86.681969,18981,44429.0,6.0
01015,Calhoun County,AL,33.765535,-85.824265,116162,54339.0,3.0
01017,Chambers County,AL,32.91539,-85.393947,34612,48805.0,6.0
01019,Cherokee County,AL,34.305264,-85.554226,25069,46621.0,8.0
01021,Chilton County,AL,32.854051,-86.726607,45140,62471.0,1.0
01023,Choctaw County,AL,31.981017,-88.24299,12669,43299.0,9.0
01025,Clarke County,AL,31.685521,-87.818624,23058,47549.0,9.0
01027,Clay County,AL,33.2704,-85.863525,14209,48074.0,9.0
01029,Cleburne County,AL,33.671949,-85.516121,15144,51553.0,8.0
01031,Coffee County,AL,31.402258,-85.989602,53559,62199.0,4.0
01033,Colbert County,AL,34.703112,-87.801457,57270,56149.0,3.0
01035,Conecuh County,AL,31.430278,-86.98587,11576,39888.0,9.0
01037,Coosa County,AL,32.931445,-86.243482,10329,52279.0,8.0
01039,Covington County,AL,31.243987,-86.448721,37542,48772.0,6.0
01041,Crenshaw County,AL,31.730305,-86.320022,13205,48557.0,8.0
01043,Cullman County,AL,34.131923,-86.869267,88284,58119.0,4.0
01045,Dale County,AL,31.430654,-85.609476,49455,52813.0,4.0
01047,Dallas County,AL,32.333526,-87.11436,38326,37180.0,4.0
01049,DeKalb County,AL,34.460915,-85.804021,71680,47920.0,6.0
01051,Elmore County,AL,32.597229,-86.142735,87694,73258.0,2.0
01053,Escambia County,AL,31.122287,-87.16841,36755,41153.0,6.0
01055,Etowah County,AL,34.04824,-86.033747,103348,52177.0,3.0
01057,Fayette County,AL,33.716157,-87.764292,16297,45650.0,8.0
01059,Franklin County,AL,34.441989,-87.842814,32011,47359.0,6.0
01061,Geneva County,AL,31.092382,-85.821022,26647,47608.0,3.0
01063,Greene County,AL,32.844497,-87.9642,7706,32796.0,2.0
01065,Hale County,AL,32.752796,-87.623061,14742,35851.0,2.0
01067,Henry County,AL,31.516978,-85.239971,17282,58395.0,3.0
01069,Houston County,AL,31.158183,-85.296411,107040,55064.0,3.0
01071,Jackson County,AL,34.764114,-85.980056,52618,46748.0,6.0
01073,Jefferson County,AL,33.553444,-86.896536,672265,63595.0,1.0
01075,Lamar County,AL,33.787085,-88.087431,13885,49565.0,8.0
01077,Lauderdale County,AL,34.904168,-87.651108,94329,56081.0,3.0
01079,Lawrence County,AL,34.529776,-87.321865,33116,54786.0,3.0
01081,Lee County,AL,32.603682,-85.353163,175126,59288.0,3.0
01083,Limestone County,AL,34.810239,-86.981399,104199,80146.0,2.0
01085,Lowndes County,AL,32.147888,-86.650586,10153,33125.0,2.0
01087,Macon County,AL,32.387027,-85.692887,19198,41206.0,3.0
01089,Madison County,AL,34.76472,-86.552086,389781,78058.0,2.0
01091,Marengo County,AL,32.259474,-87.790823,19180,42975.0,6.0
01093,Marion County,AL,34.137695,-87.879122,29203,49743.0,9.0
01095,Marshall County,AL,34.309564,-86.321668,97923,58272.0,4.0
01097,Mobile County,AL,30.684572,-88.196568,413878,55352.0,2.0
01099,Monroe County,AL,31.580153,-87.382941,19816,39965.0,8.0
01101,Montgomery County,AL,32.202881,-86.204461,228132,56707.0,2.0
01103,Morgan County,AL,34.454484,-86.846402,123102,61588.0,3.0
01105,Perry County,AL,32.639005,-87.293827,8479,32332.0,8.0
01107,Pickens County,AL,33.2968,-88.096864,18925,45339.0,2.0
01109,Pike County,AL,31.798653,-85.941608,32997,42616.0,6.0
01111,Randolph County,AL,33.296461,-85.464064,22179,49879.0,8.0
01113,Russell County,AL,32.289811,-85.18698,58849,47420.0,2.0
01115,St. Clair County,AL,33.719491,-86.311327,91719,73218.0,1.0
01117,Shelby County,AL,33.266893,-86.661007,223916,90618.0,1.0
01119,Sumter County,AL,32.597481,-88.200057,12196,31726.0,8.0
01121,Talladega County,AL,33.369334,-86.175901,81105,52457.0,4.0
01123,Tallapoosa County,AL,32.863294,-85.799559,41251,53282.0,6.0
01125,Tuscaloosa County,AL,33.290189,-87.523952,231558,61645.0,2.0
01127,Walker County,AL,33.791558,-87.301094,64978,52987.0,1.0
01129,Washington County,AL,31.408503,-88.212404,15434,51184.0,8.0
01131,Wilcox County,AL,31.990082,-87.304935,10441,38208.0,9.0
01133,Winston County,AL,34.154563,-87.365351,23655,49494.0,8.0
02013,Aleutians East Borough,AK,55.245044,-161.997477,3407,79961.0,9.0
02016,Aleutians West Census Area,AK,51.948964,179.621188,5219,100662.0,9.0
02020,Anchorage Municipality,AK,61.17425,-149.284329,290674,95731.0,2.0
02050,Bethel Census Area,AK,60.929141,-160.152625,18538,64094.0,7.0
02060,Bristol Bay Borough,AK,58.730546,-156.994473,854,94167.0,9.0
02063,Chugach Census Area,AK,60.488474,-146.20309,7000,83068.0,9.0
02066,Copper River Census Area,AK,62.034479,-143.922167,2614,70606.0,9.0
02068,Denali Borough,AK,63.682039,-150.027016,2101,87292.0,9.0
02070,Dillingham Census Area,AK,59.540125,-158.272924,4854,69412.0,9.0
02090,Fairbanks North Star Borough,AK,64.670454,-146.496061,96299,81655.0,3.0
02100,Haines Borough,AK,59.098404,-135.575791,2079,68276.0,9.0
02105,Hoonah-Angoon Census Area,AK,58.404665,-135.884508,2329,62344.0,9.0
02110,Juneau City and Borough,AK,58.372904,-134.178438,32108,95711.0,5.0
02122,Kenai Peninsula Borough,AK,60.366668,-152.322283,59235,76272.0,7.0
02130,Ketchikan Gateway Borough,AK,55.348947,-131.127192,13910,82763.0,7.0
02150,Kodiak Island Borough,AK,57.704426,-153.918395,13065,91138.0,7.0
02158,Kusilvak Census Area,AK,62.283477,-163.190257,8372,42663.0,9.0
02164,Lake and Peninsula Borough,AK,58.100846,-156.354125,999,61607.0,9.0
02170,Matanuska-Susitna Borough,AK,62.265626,-149.503993,108661,86435.0,2.0
02180,Nome Census Area,AK,64.783686,-164.188912,10018,70121.0,9.0
02185,North Slope Borough,AK,69.449343,-153.47283,10924,83472.0,9.0
02188,Northwest Arctic Borough,AK,67.004772,-160.022075,7682,77647.0,9.0
02195,Petersburg Borough,AK,57.245959,-132.788762,3374,77826.0,9.0
02198,Prince of Wales-Hyder Census Area,AK,55.682773,-133.162389,5799,61779.0,9.0
02220,Sitka City and Borough,AK,57.193204,-135.367396,8462,95261.0,7.0
02230,Skagway Municipality,AK,59.649488,-135.254605,1303,79583.0,9.0
02240,Southeast Fairbanks Census Area,AK,63.864997,-143.218628,6888,75378.0,9.0
02275,Wrangell City and Borough,AK,56.180779,-132.026788,2134,61000.0,9.0
02282,Yakutat City and Borough,AK,60.017508,-140.416847,564,76875.0,9.0
02290,Yukon-Koyukuk Census Area,AK,65.385921,-151.705183,5355,47826.0,8.0
04001,Apache County,AZ,35.385084,-109.490172,66054,37483.0,8.0
04003,Cochise County,AZ,31.841872,-109.775968,125504,58421.0,3.0
04005,Coconino County,AZ,35.829692,-111.773728,144705,67266.0,3.0
04007,Gila County,AZ,33.789618,-110.81187,53419,55242.0,4.0
04009,Graham County,AZ,32.931828,-109.87831,38453,64089.0,7.0
04011,Greenlee County,AZ,33.238872,-109.242323,9483,73756.0,9.0
04012,La Paz County,AZ,33.72761,-114.038806,16681,46634.0,6.0
04013,Maricopa County,AZ,33.345176,-112.49893,4430871,80675.0,1.0
04015,Mohave County,AZ,35.717705,-113.749689,214229,53592.0,3.0
04017,Navajo County,AZ,35.390785,-110.321025,107110,50335.0,4.0
04019,Pima County,AZ,32.128038,-111.783657,1042393,64323.0,1.0
04021,Pinal County,AZ,32.918524,-111.366299,433338,73313.0,1.0
04023,Santa Cruz County,AZ,31.525733,-110.845228,47838,51885.0,6.0
04025,Yavapai County,AZ,34.653539,-112.583254,237830,62430.0,3.0
04027,Yuma County,AZ,32.773942,-113.910905,204374,56439.0,3.0
05001,Arkansas County,AR,34.28957,-91.376547,17024,58695.0,6.0
05003,Ashley County,AR,33.190835,-91.772267,19018,44804.0,7.0
05005,Baxter County,AR,36.28027,-92.32995,41801,47403.0,7.0
05007,Benton County,AR,36.337819,-94.256298,286528,85269.0,2.0
05009,Boone County,AR,36.304299,-93.079236,37662,52275.0,7.0
05011,Bradley County,AR,33.466492,-92.169197,10461,43688.0,7.0
05013,Calhoun County,AR,33.56046,-92.513879,4773,60237.0,9.0
05015,Carroll County,AR,36.33737,-93.540972,28362,56826.0,6.0
05017,Chicot County,AR,33.271539,-91.303585,10234,36593.0,9.0
05019,Clark County,AR,34.053316,-93.176208,21469,48071.0,7.0
05021,Clay County,AR,36.367302,-90.418704,14537,44685.0,9.0
05023,Cleburne County,AR,35.593628,-92.008898,24948,52780.0,6.0
05025,Cleveland County,AR,33.893201,-92.188714,7548,48913.0,8.0
05027,Columbia County,AR,33.223038,-93.232843,22707,47441.0,7.0
05029,Conway County,AR,35.26569,-92.689249,20782,50282.0,6.0
05031,Craighead County,AR,35.827729,-90.631421,111038,55169.0,3.0
05033,Crawford County,AR,35.582959,-94.236193,60593,56702.0,3.0
05035,Crittenden County,AR,35.198932,-90.302325,47945,51860.0,1.0
05037,Cross County,AR,35.285692,-90.763984,16827,48129.0,6.0
05039,Dallas County,AR,33.967823,-92.653999,6472,40085.0,8.0
05041,Desha County,AR,33.827684,-91.245151,11285,38067.0,9.0
05043,Drew County,AR,33.587242,-91.722778,17309,44968.0,7.0
05045,Faulkner County,AR,35.146548,-92.336928,124611,61273.0,2.0
05047,Franklin County,AR,35.508318,-93.889592,17160,47695.0,8.0
05049,Fulton County,AR,36.381322,-91.819285,12183,38917.0,9.0
05051,Garland County,AR,34.578852,-93.146932,100021,54229.0,3.0
05053,Grant County,AR,34.285568,-92.422979,18022,68598.0,2.0
05055,Greene County,AR,36.120607,-90.566346,45954,54879.0,4.0
05057,Hempstead County,AR,33.735953,-93.664355,20037,45049.0,6.0
05059,Hot Spring County,AR,34.315177,-92.944147,33129,50260.0,6.0
05061,Howard County,AR,34.083064,-93.990931,12779,44824.0,8.0
05063,Independence County,AR,35.737499,-91.559942,37910,52361.0,7.0
05065,Izard County,AR,36.094879,-91.913625,13748,46159.0,9.0
05067,Jackson County,AR,35.596467,-91.223205,16784,41929.0,6.0
05069,Jefferson County,AR,34.277176,-91.929656,66934,46855.0,4.0
05071,Johnson County,AR,35.573359,-93.466322,25925,42470.0,7.0
05073,Lafayette County,AR,33.240629,-93.611514,6277,40262.0,8.0
05075,Lawrence County,AR,36.05479,-91.101748,16258,43606.0,6.0
05077,Lee County,AR,34.779505,-90.779717,8666,33801.0,8.0
05079,Lincoln County,AR,33.956477,-91.742484,13016,50526.0,9.0
05081,Little River County,AR,33.701941,-94.236287,12024,58627.0,3.0
05083,Logan County,AR,35.218654,-93.72091,21247,51131.0,8.0
05085,Lonoke County,AR,34.755114,-91.894132,74292,68078.0,2.0
05087,Madison County,AR,36.012545,-93.724053,16737,51514.0,2.0
05089,Marion County,AR,36.266664,-92.678577,16905,42891.0,9.0
05091,Miller County,AR,33.305505,-93.901502,42682,47613.0,3.0
05093,Mississippi County,AR,35.766944,-90.052207,40361,50012.0,4.0
05095,Monroe County,AR,34.679512,-91.20331,6787,41786.0,9.0
05097,Montgomery County,AR,34.545656,-93.664153,8555,47103.0,8.0
05099,Nevada County,AR,33.666699,-93.305072,8292,43421.0,9.0
05101,Newton County,AR,35.910742,-93.215898,7243,50699.0,9.0
05103,Ouachita County,AR,33.59113,-92.878392,22606,47348.0,7.0
05105,Perry County,AR,34.949487,-92.927574,10055,53980.0,2.0
05107,Phillips County,AR,34.427915,-90.859998,16373,37458.0,7.0
05109,Pike County,AR,34.158191,-93.658659,10205,49248.0,9.0
05111,Poinsett County,AR,35.568825,-90.681161,22997,43440.0,3.0
05113,Polk County,AR,34.49096,-94.230894,19384,48449.0,7.0
05115,Pope County,AR,35.456522,-93.026837,63475,51678.0,5.0
05117,Prairie County,AR,34.831116,-91.55362,8217,47045.0,8.0
05119,Pulaski County,AR,34.770311,-92.312996,398322,58326.0,2.0
05121,Randolph County,AR,36.341298,-91.028441,18619,45993.0,7.0
05123,St. Francis County,AR,35.022838,-90.751506,23138,39822.0,6.0
05125,Saline County,AR,34.648525,-92.674463,123988,73236.0,2.0
05127,Scott County,AR,34.858787,-94.063719,9871,45340.0,8.0
05129,Searcy County,AR,35.896387,-92.695888,7880,42063.0,9.0
05131,Sebastian County,AR,35.196981,-94.274989,128184,54047.0,3.0
05133,Sevier County,AR,33.994877,-94.243279,15913,53567.0,6.0
05135,Sharp County,AR,36.186622,-91.491416,17422,43332.0,9.0
05137,Stone County,AR,35.860637,-92.159595,12393,37664.0,9.0
05139,Union County,AR,33.168219,-92.598145,38815,49745.0,7.0
05141,Van Buren County,AR,35.594967,-92.528168,15900,45768.0,8.0
05143,Washington County,AR,35.978001,-94.217269,247331,61985.0,2.0
05145,White County,AR,35.255118,-91.753034,77118,51144.0,4.0
05147,Woodruff County,AR,35.192777,-91.244535,6259,49608.0,9.0
05149,Yell County,AR,34.997713,-93.408303,20342,55879.0,9.0
06001,Alameda County,CA,37.640104,-121.906806,1663823,122488.0,1.0
06003,Alpine County,CA,38.602409,-119.844984,1515,101125.0,8.0
06005,Amador County,CA,38.443367,-120.651702,40577,74853.0,6.0
06007,Butte County,CA,39.665336,-121.603209,213605,66085.0,3.0
06009,Calaveras County,CA,38.191068,-120.554107,45674,77526.0,6.0
06011,Colusa County,CA,39.177739,-122.237563,21811,69619.0,6.0
06013,Contra Costa County,CA,37.90799,-121.958989,1162648,120020.0,1.0
06015,Del Norte County,CA,41.747068,-123.953171,27462,61149.0,7.0
06017,El Dorado County,CA,38.785612,-120.534225,191713,99246.0,1.0
06019,Fresno County,CA,36.761153,-119.655013,1008280,67756.0,1.0
06021,Glenn County,CA,39.602546,-122.4017,28657,64033.0,6.0
06023,Humboldt County,CA,40.706655,-123.926176,136132,57881.0,5.0
06025,Imperial County,CA,33.040814,-115.3554,179578,53847.0,3.0
06027,Inyo County,CA,36.610864,-117.307009,18829,63417.0,6.0
06029,Kern County,CA,35.355627,-118.718644,906883,63883.0,2.0
06031,Kings County,CA,36.072478,-119.81553,152515,68540.0,3.0
06033,Lake County,CA,39.108102,-122.745477,68024,56259.0,4.0
06035,Lassen County,CA,40.707982,-120.608589,31873,59515.0,7.0
06037,Los Angeles County,CA,34.196398,-118.261862,9936690,83411.0,1.0
06039,Madera County,CA,37.205756,-119.749321,157243,73543.0,1.0
06041,Marin County,CA,38.051367,-122.746396,260485,142019.0,1.0
06043,Mariposa County,CA,37.574343,-119.911721,17130,60021.0,8.0
06045,Mendocino County,CA,39.432699,-123.427521,91145,61335.0,4.0
06047,Merced County,CA,37.193907,-120.721466,282290,64772.0,2.0
06049,Modoc County,CA,41.592918,-120.71837,8651,54962.0,8.0
06051,Mono County,CA,37.909925,-118.879072,13219,82038.0,7.0
06053,Monterey County,CA,36.240104,-121.315578,437609,91043.0,2.0
06055,Napa County,CA,38.50735,-122.325996,137384,105809.0,3.0
06057,Nevada County,CA,39.307812,-120.743496,102322,79395.0,4.0
06059,Orange County,CA,33.675687,-117.777207,3175227,109361.0,1.0
06061,Placer County,CA,39.067017,-120.716237,406608,109375.0,1.0
06063,Plumas County,CA,39.992295,-120.824371,19650,67885.0,9.0
06065,Riverside County,CA,33.800586,-115.948412,2429487,84505.0,1.0
06067,Sacramento County,CA,38.448503,-121.342494,1579211,84010.0,1.0
06069,San Benito County,CA,36.611651,-121.085811,64753,104451.0,1.0
06071,San Bernardino County,CA,34.856661,-116.181571,2180563,77423.0,1.0
06073,San Diego County,CA,33.019342,-116.769837,3289701,96974.0,1.0
06075,San Francisco County,CA,37.727239,-123.032229,851036,136689.0,1.0
06077,San Joaquin County,CA,37.934938,-121.272303,779445,82837.0,2.0
06079,San Luis Obispo County,CA,35.388189,-120.448897,281712,90158.0,2.0
06081,San Mateo County,CA,37.414685,-122.371495,754250,149907.0,1.0
06083,Santa Barbara County,CA,34.536677,-120.038364,445213,92332.0,2.0
06085,Santa Clara County,CA,37.221614,-121.68954,1916831,153792.0,1.0
06087,Santa Cruz County,CA,37.012188,-122.007688,268571,104409.0,2.0
06089,Shasta County,CA,40.760252,-122.04407,181852,68347.0,3.0
06091,Sierra County,CA,39.576925,-120.521993,2916,61108.0,8.0
06093,Siskiyou County,CA,41.586339,-122.533686,44049,53898.0,7.0
06095,Solano County,CA,38.267226,-121.939594,450995,97037.0,2.0
06097,Sonoma County,CA,38.5217,-122.916421,488436,99266.0,2.0
06099,Stanislaus County,CA,37.562252,-121.002796,552063,74872.0,2.0
06101,Sutter County,CA,39.03619,-121.70394,99101,72654.0,3.0
06103,Tehama County,CA,40.126157,-122.232274,65484,59029.0,4.0
06105,Trinity County,CA,40.647864,-123.114629,15889,47317.0,8.0
06107,Tulare County,CA,36.228834,-118.781055,473446,64474.0,2.0
06109,Tuolumne County,CA,38.021405,-119.964805,54993,70432.0,4.0
06111,Ventura County,CA,34.359007,-119.132901,842009,102141.0,2.0
06113,Yolo County,CA,38.679421,-121.901427,217141,85097.0,1.0
06115,Yuba County,CA,39.27013,-121.344259,81705,66693.0,3.0
08001,Adams County,CO,39.874325,-104.331872,520149,86297.0,1.0
08003,Alamosa County,CO,37.568442,-105.788041,16460,52271.0,7.0
08005,Arapahoe County,CO,39.644554,-104.331706,654453,92292.0,1.0
08007,Archuleta County,CO,37.202395,-107.050863,13509,66813.0,7.0
08009,Baca County,CO,37.30978,-102.543741,3496,42115.0,9.0
08011,Bent County,CO,37.931891,-103.077584,5561,45776.0,9.0
08013,Boulder County,CO,40.094974,-105.397706,328658,99770.0,2.0
08014,Broomfield County,CO,39.953877,-105.050898,73946,117541.0,1.0
08015,Chaffee County,CO,38.734594,-106.299639,19564,65703.0,6.0
08017,Cheyenne County,CO,38.835658,-102.601798,1726,65577.0,9.0
08019,Clear Creek County,CO,39.689403,-105.670783,9403,87169.0,1.0
08021,Conejos County,CO,37.213406,-106.176447,7553,44093.0,9.0
08023,Costilla County,CO,37.277547,-105.42894,3534,34578.0,9.0
08025,Crowley County,CO,38.30618,-103.772736,5782,40685.0,8.0
08027,Custer County,CO,38.101996,-105.373512,4885,66250.0,8.0
08029,Delta County,CO,38.861423,-107.865043,31173,56349.0,6.0
08031,Denver County,CO,39.76185,-104.881105,710800,85853.0,1.0
08033,Dolores County,CO,37.733823,-108.506219,2329,64708.0,9.0
08035,Douglas County,CO,39.325782,-104.92581,360206,139010.0,1.0
08037,Eagle County,CO,39.626992,-106.695169,55650,98887.0,5.0
08039,Elbert County,CO,39.315157,-104.114076,26457,124360.0,1.0
08041,El Paso County,CO,38.829901,-104.522639,730323,82748.0,2.0
08043,Fremont County,CO,38.455175,-105.424949,49107,56165.0,4.0
08045,Garfield County,CO,39.599352,-107.90978,61683,82772.0,5.0
08047,Gilpin County,CO,39.861156,-105.528878,5856,95902.0,1.0
08049,Grand County,CO,40.113169,-106.110828,15724,79367.0,9.0
08051,Gunnison County,CO,38.670499,-107.05688,17018,76538.0,7.0
08053,Hinsdale County,CO,37.86827,-107.360642,911,58712.0,9.0
08055,Huerfano County,CO,37.687815,-104.959928,6896,49631.0,8.0
08057,Jackson County,CO,40.663432,-106.329248,1440,38686.0,9.0
08059,Jefferson County,CO,39.579511,-105.245462,580519,103167.0,1.0
08061,Kiowa County,CO,38.387663,-102.756849,1347,45250.0,9.0
08063,Kit Carson County,CO,39.30534,-102.603023,7039,58992.0,9.0
08065,Lake County,CO,39.205363,-106.350123,7403,78942.0,9.0
08067,La Plata County,CO,37.279966,-107.849948,55983,81936.0,6.0
08069,Larimer County,CO,40.658093,-105.486764,359363,87199.0,2.0
08071,Las Animas County,CO,37.318831,-104.04411,14422,48965.0,7.0
08073,Lincoln County,CO,38.99374,-103.507555,5583,59167.0,8.0
08075,Logan County,CO,40.728091,-103.090464,21302,54864.0,6.0
08077,Mesa County,CO,39.022251,-108.438175,156131,68077.0,3.0
08079,Mineral County,CO,37.583657,-106.957691,794,58929.0,9.0
08081,Moffat County,CO,40.610864,-108.217154,13232,63983.0,7.0
08083,Montezuma County,CO,37.338025,-108.595786,26070,61377.0,6.0
08085,Montrose County,CO,38.407507,-108.266282,42823,62817.0,5.0
08087,Morgan County,CO,40.262085,-103.807235,29045,70471.0,6.0
08089,Otero County,CO,37.88417,-103.72126,18580,47500.0,6.0
08091,Ouray County,CO,38.154731,-107.78848,4936,78750.0,9.0
08093,Park County,CO,39.118914,-105.717648,17597,85019.0,1.0
08095,Phillips County,CO,40.594712,-102.345105,4493,58474.0,9.0
08097,Pitkin County,CO,39.21792,-106.916224,17325,96123.0,7.0
08099,Prowers County,CO,37.958524,-102.392312,11968,49422.0,7.0
08101,Pueblo County,CO,38.162765,-104.484668,168135,59436.0,3.0
08103,Rio Blanco County,CO,39.972622,-108.200716,6511,69882.0,9.0
08105,Rio Grande County,CO,37.485853,-106.453128,11442,57591.0,9.0
08107,Routt County,CO,40.483664,-106.987702,24944,95144.0,7.0
08109,Saguache County,CO,38.031721,-106.234682,6454,51946.0,9.0
08111,San Juan County,CO,37.781084,-107.670265,690,67344.0,9.0
08113,San Miguel County,CO,38.009319,-108.427262,8082,72829.0,9.0
08115,Sedgwick County,CO,40.871568,-102.355358,2391,45855.0,9.0
08117,Summit County,CO,39.620061,-106.13372,30955,100611.0,5.0
08119,Teller County,CO,38.891228,-105.182598,24758,69655.0,2.0
08121,Washington County,CO,39.96579,-103.209744,4817,59087.0,9.0
08123,Weld County,CO,40.555961,-104.383666,331466,89182.0,2.0
08125,Yuma County,CO,40.000764,-102.421606,9938,60118.0,9.0
09110,Capitol Planning Region,CT,41.81697,-72.575886,977165,88190.0,1.0
09120,Greater Bridgeport Planning Region,CT,41.184558,-73.209401,326381,83147.0,2.0
09130,Lower Connecticut River Valley Planning Region,CT,41.420307,-72.493525,175244,99742.0,1.0
09140,Naugatuck Valley Planning Region,CT,41.518931,-73.087906,451887,82939.0,2.0
09150,Northeastern Connecticut Planning Region,CT,41.842375,-71.972655,95687,83119.0,4.0
09160,Northwest Hills Planning Region,CT,41.854809,-73.221494,112696,87971.0,4.0
09170,South Central Connecticut Planning Region,CT,41.290167,-72.837024,571298,83617.0,2.0
09180,Southeastern Connecticut Planning Region,CT,41.484769,-72.101666,280293,80330.0,2.0
09190,Western Connecticut Planning Region,CT,41.279055,-73.44655,620666,118930.0,2.0
10001,Kent County,DE,39.097088,-75.502982,182400,69278.0,3.0
10003,New Castle County,DE,39.575915,-75.644132,570567,85309.0,1.0
10005,Sussex County,DE,38.673227,-75.337024,240668,75406.0,4.0
11001,District of Columbia,DC,38.904243,-77.016524,670587,101722.0,1.0
12001,Alachua County,FL,29.673705,-82.356591,279729,57566.0,2.0
12003,Baker County,FL,30.324442,-82.302284,27969,67872.0,1.0
12005,Bay County,FL,30.166746,-85.53678,181055,65999.0,3.0
12007,Bradford County,FL,29.952386,-82.166698,27816,54759.0,6.0
12009,Brevard County,FL,28.298311,-80.700333,610723,71308.0,2.0
12011,Broward County,FL,26.193292,-80.476547,1940907,70331.0,1.0
12013,Calhoun County,FL,30.388801,-85.197915,13753,41526.0,8.0
12015,Charlotte County,FL,26.906358,-82.00363,189900,62164.0,3.0
12017,Citrus County,FL,28.850293,-82.595551,155173,52569.0,3.0
12019,Clay County,FL,29.985426,-81.866005,219650,82242.0,1.0
12021,Collier County,FL,26.073872,-81.394718,380221,82011.0,2.0
12023,Columbia County,FL,30.221657,-82.623375,69832,53501.0,4.0
12027,DeSoto County,FL,27.190581,-81.806253,34258,45000.0,6.0
12029,Dixie County,FL,29.552675,-83.236232,16737,45057.0,8.0
12031,Duval County,FL,30.335245,-81.648113,995708,65579.0,1.0
12033,Escambia County,FL,30.529998,-87.320322,321296,61642.0,2.0
12035,Flagler County,FL,29.477288,-81.287039,117515,69251.0,2.0
12037,Franklin County,FL,29.677794,-84.815213,12276,58107.0,8.0
12039,Gadsden County,FL,30.578687,-84.612607,43746,45721.0,2.0
12041,Gilchrist County,FL,29.699718,-82.784356,18070,56823.0,2.0
12043,Glades County,FL,26.95481,-81.19082,12179,37221.0,8.0
12045,Gulf County,FL,29.859238,-85.272041,15002,56250.0,8.0
12047,Hamilton County,FL,30.498438,-82.951116,13492,47668.0,8.0
12049,Hardee County,FL,27.492846,-81.82158,25528,44665.0,6.0
12051,Hendry County,FL,26.539967,-81.152114,39902,49259.0,4.0
12053,Hernando County,FL,28.556118,-82.526352,196621,59202.0,1.0
12055,Highlands County,FL,27.34108,-81.342353,102339,53679.0,3.0
12057,Hillsborough County,FL,27.893154,-82.379991,1468560,70612.0,1.0
12059,Holmes County,FL,30.862007,-85.815939,19529,46063.0,8.0
12061,Indian River County,FL,27.687264,-80.56078,160986,67543.0,3.0
12063,Jackson County,FL,30.789587,-85.208782,47704,46144.0,6.0
12065,Jefferson County,FL,30.396898,-83.921761,14458,51573.0,2.0
12067,Lafayette County,FL,29.991102,-83.176696,8107,57852.0,9.0
12069,Lake County,FL,28.764113,-81.712282,386829,66239.0,1.0
12071,Lee County,FL,26.563273,-81.984182,772902,69368.0,2.0
12073,Leon County,FL,30.45931,-84.2778,294128,61317.0,2.0
12075,Levy County,FL,29.271949,-82.831212,43268,49933.0,2.0
12077,Liberty County,FL,30.259849,-84.86858,7704,51723.0,8.0
12079,Madison County,FL,30.447233,-83.470416,17986,43386.0,8.0
12081,Manatee County,FL,27.477786,-82.388844,405069,71385.0,2.0
12083,Marion County,FL,29.20502,-82.044204,378225,55265.0,2.0
12085,Martin County,FL,27.083604,-80.398201,159399,77894.0,2.0
12086,Miami-Dade County,FL,25.61396,-80.501902,2688237,64215.0,1.0
12087,Monroe County,FL,25.58612,-81.022603,82044,80111.0,4.0
12089,Nassau County,FL,30.605963,-81.765087,91538,84085.0,1.0
12091,Okaloosa County,FL,30.614325,-86.59108,212021,73988.0,2.0
12093,Okeechobee County,FL,27.385592,-80.887388,39870,50476.0,4.0
12095,Orange County,FL,28.515155,-81.323564,1427403,72629.0,1.0
12097,Osceola County,FL,28.059027,-81.139312,393745,64312.0,1.0
12099,Palm Beach County,FL,26.649051,-80.44835,1494805,76066.0,1.0
12101,Pasco County,FL,28.30474,-82.502367,569211,63187.0,1.0
12103,Pinellas County,FL,27.905209,-82.79979,959918,66406.0,1.0
12105,Polk County,FL,27.949469,-81.698189,736229,60901.0,2.0
12107,Putnam County,FL,29.571487,-81.761243,73604,44852.0,4.0
12109,St. Johns County,FL,29.881393,-81.388281,278722,100020.0,1.0
12111,St. Lucie County,FL,27.379814,-80.443536,334682,66154.0,2.0
12113,Santa Rosa County,FL,30.675348,-87.018919,188994,84715.0,2.0
12115,Sarasota County,FL,27.223531,-82.424749,439392,77213.0,2.0
12117,Seminole County,FL,28.689944,-81.132626,471321,79490.0,1.0
12119,Sumter County,FL,28.713093,-82.069492,131832,70105.0,3.0
12121,Suwannee County,FL,30.189244,-82.992754,43881,49729.0,6.0
12123,Taylor County,FL,29.967043,-83.639404,21421,46239.0,6.0
12125,Union County,FL,30.054247,-82.366937,15524,64043.0,8.0
12127,Volusia County,FL,29.058564,-81.166982,558520,63075.0,2.0
12129,Wakulla County,FL,30.091335,-84.359111,33732,72035.0,2.0
12131,Walton County,FL,30.577,-86.159505,76618,74832.0,2.0
12133,Washington County,FL,30.597244,-85.6514,25014,47536.0,3.0
13001,Appling County,GA,31.739726,-82.290102,18441,43268.0,7.0
13003,Atkinson County,GA,31.296806,-82.878151,8265,38007.0,9.0
13005,Bacon County,GA,31.55676,-82.451909,11138,43938.0,9.0
13007,Baker County,GA,31.31958,-84.454881,2878,45417.0,8.0
13009,Baldwin County,GA,33.05949,-83.255457,43778,54699.0,4.0
13011,Banks County,GA,34.349964,-83.495821,18381,69096.0,8.0
13013,Barrow County,GA,33.992009,-83.712303,84399,75053.0,1.0
13015,Bartow County,GA,34.240917,-84.838188,109410,74812.0,1.0
13017,Ben Hill County,GA,31.730583,-83.162961,17169,38255.0,7.0
13019,Berrien County,GA,31.288652,-83.22787,18187,48670.0,8.0
13021,Bibb County,GA,32.808995,-83.694051,156554,48897.0,3.0
13023,Bleckley County,GA,32.435403,-83.331717,12413,56021.0,6.0
13025,Brantley County,GA,31.197334,-81.982978,18105,40166.0,3.0
13027,Brooks County,GA,30.822934,-83.581905,16275,42263.0,3.0
13029,Bryan County,GA,32.017969,-81.438543,44995,90627.0,2.0
13031,Bulloch County,GA,32.39449,-81.741445,79829,53675.0,4.0
13033,Burke County,GA,33.060181,-82.000164,24337,50321.0,2.0
13035,Butts County,GA,33.290355,-83.958221,25522,60076.0,1.0
13037,Calhoun County,GA,31.521279,-84.62629,5594,48663.0,8.0
13039,Camden County,GA,30.913358,-81.642019,55105,68104.0,4.0
13043,Candler County,GA,32.403979,-82.071281,10946,45519.0,9.0
13045,Carroll County,GA,33.582237,-85.080527,120060,66895.0,1.0
13047,Catoosa County,GA,34.900212,-85.139385,68052,68896.0,2.0
13049,Charlton County,GA,30.754286,-82.133762,12547,45770.0,8.0
13051,Chatham County,GA,31.975517,-81.089825,296266,66171.0,2.0
13053,Chattahoochee County,GA,32.347445,-84.788021,9402,52943.0,2.0
13055,Chattooga County,GA,34.474178,-85.345289,24902,43556.0,6.0
13057,Cherokee County,GA,34.244317,-84.475057,268567,100824.0,1.0
13059,Clarke County,GA,33.952185,-83.367152,128864,48692.0,3.0
13061,Clay County,GA,31.621528,-84.985518,2855,43264.0,9.0
13063,Clayton County,GA,33.552506,-84.413184,296312,56207.0,1.0
13065,Clinch County,GA,30.917653,-82.702614,6713,53350.0,8.0
13067,Cobb County,GA,33.935741,-84.577793,765813,94244.0,1.0
13069,Coffee County,GA,31.549766,-82.844616,43056,48398.0,7.0
13071,Colquitt County,GA,31.189486,-83.769855,45813,47235.0,6.0
13073,Columbia County,GA,33.552075,-82.249608,156921,92571.0,2.0
13075,Cook County,GA,31.152516,-83.429445,17242,46706.0,6.0
13077,Coweta County,GA,33.352897,-84.762138,147449,90031.0,1.0
13079,Crawford County,GA,32.709437,-83.979172,12156,56948.0,3.0
13081,Crisp County,GA,31.920268,-83.75653,20255,47463.0,6.0
13083,Dade County,GA,34.852424,-85.506201,16239,59531.0,2.0
13085,Dawson County,GA,34.444336,-84.173586,27355,84516.0,1.0
13087,Decatur County,GA,30.88021,-84.584081,29063,47383.0,6.0
13089,DeKalb County,GA,33.770661,-84.226343,761209,76044.0,1.0
13091,Dodge County,GA,32.164369,-83.167866,19977,46091.0,7.0
13093,Dooly County,GA,32.151995,-83.807167,11236,54109.0,8.0
13095,Dougherty County,GA,31.532588,-84.20904,85038,45640.0,3.0
13097,Douglas County,GA,33.701242,-84.767314,144735,76930.0,1.0
13099,Early County,GA,31.324191,-84.906723,10753,48355.0,8.0
13101,Echols County,GA,30.711558,-82.902077,3707,61184.0,3.0
13103,Effingham County,GA,32.361678,-81.343373,65314,79474.0,2.0
13105,Elbert County,GA,34.11641,-82.841934,19570,48190.0,6.0
13107,Emanuel County,GA,32.5912,-82.300195,22907,47905.0,7.0
13109,Evans County,GA,32.153088,-81.890156,10759,55222.0,8.0
13111,Fannin County,GA,34.867155,-84.316274,25436,54857.0,8.0
13113,Fayette County,GA,33.412717,-84.493941,119259,105910.0,1.0
13115,Floyd County,GA,34.263721,-85.213648,98541,57868.0,3.0
13117,Forsyth County,GA,34.224728,-84.120858,253225,131660.0,1.0
13119,Franklin County,GA,34.375052,-83.22799,23480,52597.0,8.0
13121,Fulton County,GA,33.790034,-84.468182,1061944,86267.0,1.0
13123,Gilmer County,GA,34.690522,-84.454812,31519,70334.0,6.0
13125,Glascock County,GA,33.227491,-82.606913,2903,60469.0,9.0
13127,Glynn County,GA,31.213032,-81.49592,84566,65970.0,3.0
13129,Gordon County,GA,34.509667,-84.873862,57785,57555.0,4.0
13131,Grady County,GA,30.8759,-84.244965,26075,51929.0,6.0
13133,Greene County,GA,33.576706,-83.166623,19020,77527.0,8.0
13135,Gwinnett County,GA,33.958756,-84.025735,957977,82296.0,1.0
13137,Habersham County,GA,34.634392,-83.525875,46326,61292.0,6.0
13139,Hall County,GA,34.317569,-83.8185,204953,74153.0,3.0
13141,Hancock County,GA,33.26922,-83.000465,8588,31767.0,9.0
13143,Haralson County,GA,33.795165,-85.220063,30178,65940.0,1.0
13145,Harris County,GA,32.731549,-84.912432,34914,85936.0,2.0
13147,Hart County,GA,34.34903,-82.963032,26110,61765.0,6.0
13149,Heard County,GA,33.291347,-85.137886,11489,62965.0,1.0
13151,Henry County,GA,33.452947,-84.154021,240853,79663.0,1.0
13153,Houston County,GA,32.458147,-83.662309,164117,76968.0,3.0
13155,Irwin County,GA,31.604306,-83.277037,9487,46383.0,9.0
13157,Jackson County,GA,34.130927,-83.562367,77033,82056.0,4.0
13159,Jasper County,GA,33.316981,-83.689151,14882,57374.0,1.0
13161,Jeff Davis County,GA,31.81177,-82.636908,14791,41780.0,9.0
13163,Jefferson County,GA,33.058176,-82.420004,15591,46865.0,8.0
13165,Jenkins County,GA,32.795211,-81.96752,8704,31463.0,9.0
13167,Johnson County,GA,32.694584,-82.66397,9225,47796.0,9.0
13169,Jones County,GA,33.021664,-83.562196,28382,66288.0,3.0
13171,Lamar County,GA,33.07444,-84.146689,18676,64966.0,6.0
13173,Lanier County,GA,31.038197,-83.063164,9964,39971.0,3.0
13175,Laurens County,GA,32.39322,-82.926317,49407,46776.0,4.0
13177,Lee County,GA,31.818419,-84.146681,32968,83632.0,3.0
13179,Liberty County,GA,31.808076,-81.444413,65550,55149.0,3.0
13181,Lincoln County,GA,33.792151,-82.448299,7726,50754.0,2.0
13183,Long County,GA,31.749563,-81.74287,16804,56819.0,3.0
13185,Lowndes County,GA,30.833341,-83.26884,118257,52821.0,3.0
13187,Lumpkin County,GA,34.56814,-83.998925,33405,67592.0,1.0
13189,McDuffie County,GA,33.48061,-82.479572,21715,54752.0,2.0
13191,McIntosh County,GA,31.48522,-81.372075,11183,51262.0,3.0
13193,Macon County,GA,32.362686,-84.051231,12099,33960.0,8.0
13195,Madison County,GA,34.127547,-83.208652,30378,53626.0,3.0
13197,Marion County,GA,32.359423,-84.528702,7508,48836.0,2.0
13199,Meriwether County,GA,33.029267,-84.667058,20679,52392.0,1.0
13201,Miller County,GA,31.162931,-84.730398,5923,52132.0,9.0
13205,Mitchell County,GA,31.228997,-84.192038,21634,45966.0,6.0
13207,Monroe County,GA,33.018784,-83.921837,28287,74867.0,3.0
13209,Montgomery County,GA,32.172108,-82.533349,8687,49138.0,9.0
13211,Morgan County,GA,33.598649,-83.499416,20171,81524.0,1.0
13213,Murray County,GA,34.797097,-84.73799,40063,60617.0,3.0
13215,Muscogee County,GA,32.510742,-84.874098,204572,54561.0,2.0
13217,Newton County,GA,33.552751,-83.85136,113298,70732.0,1.0
13219,Oconee County,GA,33.836474,-83.436818,41978,116221.0,3.0
13221,Oglethorpe County,GA,33.866177,-83.06777,14974,66672.0,3.0
13223,Paulding County,GA,33.922173,-84.86888,169898,89237.0,1.0
13225,Peach County,GA,32.57156,-83.83155,28054,60940.0,3.0
13227,Pickens County,GA,34.456956,-84.49041,33439,72558.0,1.0
13229,Pierce County,GA,31.353998,-82.21037,19822,54861.0,8.0
13231,Pike County,GA,33.081149,-84.389462,19145,83866.0,1.0
13233,Polk County,GA,33.996015,-85.188338,43019,51956.0,4.0
13235,Pulaski County,GA,32.238803,-83.481845,9887,42545.0,8.0
13237,Putnam County,GA,33.321153,-83.368652,22206,60825.0,8.0
13239,Quitman County,GA,31.862938,-85.004798,2180,38889.0,8.0
13241,Rabun County,GA,34.883934,-83.40487,16915,57261.0,9.0
13243,Randolph County,GA,31.762651,-84.752311,6365,24638.0,8.0
13245,Richmond County,GA,33.361486,-82.074998,206153,50605.0,2.0
13247,Rockdale County,GA,33.652081,-84.02637,93641,68999.0,1.0
13249,Schley County,GA,32.263444,-84.322708,4565,53274.0,8.0
13251,Screven County,GA,32.744751,-81.617585,14026,49941.0,8.0
13253,Seminole County,GA,30.93396,-84.867685,9117,46063.0,8.0
13255,Spalding County,GA,33.262348,-84.284905,67415,57367.0,1.0
13257,Stephens County,GA,34.553582,-83.290588,26732,52901.0,7.0
13259,Stewart County,GA,32.073225,-84.834912,5121,43094.0,2.0
13261,Sumter County,GA,32.042266,-84.204294,29378,38899.0,6.0
13263,Talbot County,GA,32.704603,-84.530029,5793,48065.0,2.0
13265,Taliaferro County,GA,33.559319,-82.875272,1635,45881.0,8.0
13267,Tattnall County,GA,32.043768,-82.059208,24309,51868.0,8.0
13269,Taylor County,GA,32.554667,-84.251426,7799,40727.0,8.0
13271,Telfair County,GA,31.913641,-82.931063,12619,41801.0,9.0
13273,Terrell County,GA,31.777191,-84.439446,9004,43507.0,3.0
13275,Thomas County,GA,30.8646,-83.919895,45665,55958.0,4.0
13277,Tift County,GA,31.457003,-83.525931,41247,52561.0,5.0
13279,Toombs County,GA,32.121931,-82.330665,26946,47310.0,7.0
13281,Towns County,GA,34.902529,-83.732264,12546,55574.0,9.0
13283,Treutlen County,GA,32.409586,-82.570882,6411,38641.0,9.0
13285,Troup County,GA,33.034482,-85.02836,69527,53599.0,4.0
13287,Turner County,GA,31.7248,-83.620319,8894,39666.0,9.0
13289,Twiggs County,GA,32.665847,-83.425879,7955,50446.0,3.0
13291,Union County,GA,34.833333,-83.989257,24880,59783.0,8.0
13293,Upson County,GA,32.881837,-84.292283,27638,48740.0,6.0
13295,Walker County,GA,34.735802,-85.305456,68065,52276.0,2.0
13297,Walton County,GA,33.783887,-83.731829,97752,79425.0,1.0
13299,Ware County,GA,31.050881,-82.421507,35917,44138.0,5.0
13301,Warren County,GA,33.408317,-82.675808,5197,45091.0,8.0
13303,Washington County,GA,32.971843,-82.798112,19975,43810.0,7.0
13305,Wayne County,GA,31.549247,-81.910066,30277,49847.0,6.0
13307,Webster County,GA,32.046691,-84.553828,2354,35000.0,8.0
13309,Wheeler County,GA,32.105258,-82.733849,7550,36354.0,9.0
13311,White County,GA,34.644182,-83.743,28165,66256.0,8.0
13313,Whitfield County,GA,34.801799,-84.968474,103033,59659.0,3.0
13315,Wilcox County,GA,31.96272,-83.438259,8839,46759.0,9.0
13317,Wilkes County,GA,33.779031,-82.747921,9610,51780.0,8.0
13319,Wilkinson County,GA,32.804266,-83.175512,8852,40757.0,8.0
13321,Worth County,GA,31.551773,-83.84996,20706,56496.0,3.0
15001,Hawaii County,HI,19.597764,-155.502443,202163,74238.0,5.0
15003,Honolulu County,HI,21.461365,-158.201974,1010100,99816.0,1.0
15005,Kalawao County,HI,21.218764,-156.97401,50,87813.0,3.0
15007,Kauai County,HI,22.012038,-159.705965,73511,88869.0,5.0
15009,Maui County,HI,20.855931,-156.60155,164765,95379.0,3.0
16001,Ada County,ID,43.451476,-116.244376,497494,83881.0,2.0
16003,Adams County,ID,44.876969,-116.461606,4464,55891.0,9.0
16005,Bannock County,ID,42.692921,-112.228982,87434,60998.0,3.0
16007,Bear Lake County,ID,42.285892,-111.327517,6436,63244.0,9.0
16009,Benewah County,ID,47.218451,-116.633541,9731,54191.0,8.0
16011,Bingham County,ID,43.216357,-112.399206,48253,69433.0,6.0
16013,Blaine County,ID,43.394179,-113.955387,24248,81794.0,7.0
16015,Boise County,ID,43.987275,-115.71511,7809,70776.0,2.0
16017,Bonner County,ID,48.324631,-116.627446,47976,61816.0,6.0
16019,Bonneville County,ID,43.395171,-111.621878,124490,73103.0,3.0
16021,Boundary County,ID,48.738663,-116.589511,12335,58810.0,9.0
16023,Butte County,ID,43.685101,-113.177631,2605,37358.0,3.0
16025,Camas County,ID,43.502551,-114.772135,1133,63750.0,9.0
16027,Canyon County,ID,43.625795,-116.709058,235006,68473.0,2.0
16029,Caribou County,ID,42.783222,-111.545517,7058,65380.0,8.0
16031,Cassia County,ID,42.282292,-113.626327,24859,63525.0,6.0
16033,Clark County,ID,44.290218,-112.354613,756,53500.0,8.0
16035,Clearwater County,ID,46.67257,-115.6535,8810,55885.0,8.0
16037,Custer County,ID,44.273351,-114.252267,4344,60357.0,8.0
16039,Elmore County,ID,43.394698,-115.471205,28752,55000.0,6.0
16041,Franklin County,ID,42.173609,-111.822965,14376,61679.0,3.0
16043,Fremont County,ID,44.218091,-111.484429,13519,67015.0,8.0
16045,Gem County,ID,44.061473,-116.398784,19250,65204.0,2.0
16047,Gooding County,ID,42.973185,-114.82142,15520,60938.0,8.0
16049,Idaho County,ID,45.849644,-115.467337,16787,54745.0,8.0
16051,Jefferson County,ID,43.796965,-112.318588,31383,77491.0,3.0
16053,Jerome County,ID,42.691395,-114.262086,24474,67347.0,3.0
16055,Kootenai County,ID,47.68764,-116.662141,173396,71949.0,3.0
16057,Latah County,ID,46.81892,-116.730974,39872,62258.0,4.0
16059,Lemhi County,ID,44.928506,-113.887042,8043,49216.0,9.0
16061,Lewis County,ID,46.236328,-116.42376,3630,46484.0,8.0
16063,Lincoln County,ID,42.990782,-114.153089,5203,62250.0,8.0
16065,Madison County,ID,43.788614,-111.656993,52487,53025.0,4.0
16067,Minidoka County,ID,42.857211,-113.63984,21626,63594.0,7.0
16069,Nez Perce County,ID,46.328502,-116.763227,42200,65023.0,3.0
16071,Oneida County,ID,42.183895,-112.520449,4572,67383.0,8.0
16073,Owyhee County,ID,42.572851,-116.18969,12043,58440.0,2.0
16075,Payette County,ID,44.000252,-116.750744,25571,62721.0,6.0
16077,Power County,ID,42.694126,-112.844407,7918,56671.0,8.0
16079,Shoshone County,ID,47.347694,-115.885092,13399,44807.0,8.0
16081,Teton County,ID,43.760994,-111.211765,11813,88906.0,9.0
16083,Twin Falls County,ID,42.352309,-114.665639,90592,61183.0,3.0
16085,Valley County,ID,44.855976,-115.618026,11830,72878.0,9.0
16087,Washington County,ID,44.448223,-116.797792,10612,50046.0,6.0
17001,Adams County,IL,39.986052,-91.194961,65583,63767.0,5.0
17003,Alexander County,IL,37.183658,-89.349516,5261,40365.0,3.0
17005,Bond County,IL,38.885924,-89.436592,16750,58617.0,1.0
17007,Boone County,IL,42.319312,-88.824213,53459,80502.0,2.0
17009,Brown County,IL,39.962069,-90.750309,6334,64760.0,9.0
17011,Bureau County,IL,41.401304,-89.528377,33203,64165.0,7.0
17013,Calhoun County,IL,39.164262,-90.666295,4472,88059.0,1.0
17015,Carroll County,IL,42.0709,-89.92419,15594,61539.0,9.0
17017,Cass County,IL,39.969202,-90.245704,12955,64826.0,6.0
17019,Champaign County,IL,40.138983,-88.196967,206525,61090.0,3.0
17021,Christian County,IL,39.545524,-89.279593,33893,56933.0,6.0
17023,Clark County,IL,39.332334,-87.791683,15467,65874.0,8.0
17025,Clay County,IL,38.746819,-88.482325,13248,58028.0,9.0
17027,Clinton County,IL,38.606295,-89.426228,36998,78054.0,1.0
17029,Coles County,IL,39.51368,-88.220782,47076,53732.0,5.0
17031,Cook County,IL,41.894787,-87.645388,5225367,78304.0,1.0
17033,Crawford County,IL,39.002724,-87.762536,18729,64163.0,6.0
17035,Cumberland County,IL,39.273121,-88.240619,10447,71274.0,9.0
17037,DeKalb County,IL,41.894615,-88.768925,100686,68617.0,1.0
17039,De Witt County,IL,40.181499,-88.901853,15535,61823.0,6.0
17041,Douglas County,IL,39.766078,-88.222867,19714,67177.0,8.0
17043,DuPage County,IL,41.852058,-88.086039,930559,107035.0,1.0
17045,Edgar County,IL,39.679037,-87.74711,16852,56687.0,6.0
17047,Edwards County,IL,38.417095,-88.047941,6182,60784.0,9.0
17049,Effingham County,IL,39.047945,-88.592849,34594,73181.0,7.0
17051,Fayette County,IL,39.001125,-89.017923,21464,51962.0,6.0
17053,Ford County,IL,40.596539,-88.224588,13484,58930.0,3.0
17055,Franklin County,IL,37.991852,-88.926321,37810,51031.0,7.0
17057,Fulton County,IL,40.46524,-90.202269,33691,57223.0,6.0
17059,Gallatin County,IL,37.768677,-88.227964,4967,51868.0,8.0
17061,Greene County,IL,39.355439,-90.387682,12015,58900.0,8.0
17063,Grundy County,IL,41.29241,-88.401054,52624,89993.0,1.0
17065,Hamilton County,IL,38.081536,-88.538697,8008,60574.0,9.0
17067,Hancock County,IL,40.401318,-91.168801,17582,61026.0,9.0
17069,Hardin County,IL,37.517852,-88.266148,3665,53026.0,9.0
17071,Henderson County,IL,40.814471,-90.941246,6374,64946.0,9.0
17073,Henry County,IL,41.350021,-90.130838,49157,66313.0,2.0
17075,Iroquois County,IL,40.748867,-87.833601,27043,62866.0,8.0
17077,Jackson County,IL,37.786096,-89.381212,53176,44847.0,5.0
17079,Jasper County,IL,39.004886,-88.150725,9295,67429.0,9.0
17081,Jefferson County,IL,38.30166,-88.924236,37043,58384.0,7.0
17083,Jersey County,IL,39.080195,-90.361385,21462,77607.0,1.0
17085,Jo Daviess County,IL,42.362391,-90.21147,21942,67729.0,8.0
17087,Johnson County,IL,37.460772,-88.882114,13313,63295.0,8.0
17089,Kane County,IL,41.939594,-88.42804,517254,96400.0,1.0
17091,Kankakee County,IL,41.13951,-87.861117,107421,65489.0,3.0
17093,Kendall County,IL,41.58814,-88.430626,132795,106358.0,1.0
17095,Knox County,IL,40.930945,-90.213792,49751,50263.0,4.0
17097,Lake County,IL,42.185968,-87.805939,713159,104553.0,1.0
17099,LaSalle County,IL,41.343341,-88.885931,109495,67942.0,4.0
17101,Lawrence County,IL,38.71897,-87.730241,15302,55811.0,9.0
17103,Lee County,IL,41.747608,-89.299572,34221,64588.0,6.0
17105,Livingston County,IL,40.894376,-88.552852,35771,68175.0,6.0
17107,Logan County,IL,40.129166,-89.365297,28027,62547.0,6.0
17109,McDonough County,IL,40.455808,-90.678954,27370,48904.0,7.0
17111,McHenry County,IL,42.324298,-88.452245,311133,100101.0,1.0
17113,McLean County,IL,40.494559,-88.844539,171284,75356.0,3.0
17115,Macon County,IL,39.860237,-88.961529,103542,59622.0,3.0
17117,Macoupin County,IL,39.265914,-89.92633,44907,64706.0,1.0
17119,Madison County,IL,38.82712,-89.900227,265512,71759.0,1.0
17121,Marion County,IL,38.648331,-88.920446,37543,59099.0,7.0
17123,Marshall County,IL,41.031119,-89.342371,11740,64940.0,2.0
17125,Mason County,IL,40.238451,-89.912994,13074,58479.0,8.0
17127,Massac County,IL,37.216119,-88.705658,14135,57365.0,3.0
17129,Menard County,IL,40.022569,-89.794133,12284,84846.0,3.0
17131,Mercer County,IL,41.205605,-90.74177,15692,67028.0,2.0
17133,Monroe County,IL,38.277983,-90.179078,34905,100685.0,1.0
17135,Montgomery County,IL,39.228068,-89.478141,28352,61796.0,6.0
17137,Morgan County,IL,39.71767,-90.205081,32882,61188.0,4.0
17139,Moultrie County,IL,39.636896,-88.625726,14531,72833.0,8.0
17141,Ogle County,IL,42.041884,-89.320176,51672,75782.0,6.0
17143,Peoria County,IL,40.785972,-89.766993,181186,63409.0,2.0
17145,Perry County,IL,38.084381,-89.368525,20996,56338.0,7.0
17147,Piatt County,IL,40.009033,-88.592355,16698,81151.0,3.0
17149,Pike County,IL,39.625106,-90.889034,14776,55514.0,9.0
17151,Pope County,IL,37.417169,-88.542374,3799,57582.0,8.0
17153,Pulaski County,IL,37.215615,-89.127755,5177,41038.0,8.0
17155,Putnam County,IL,41.19881,-89.298444,5628,75726.0,8.0
17157,Randolph County,IL,38.056515,-89.82121,30413,63860.0,6.0
17159,Richland County,IL,38.712187,-88.085452,15716,61607.0,7.0
17161,Rock Island County,IL,41.468421,-90.572125,143819,64435.0,2.0
17163,St. Clair County,IL,38.470198,-89.928546,256791,68915.0,1.0
17165,Saline County,IL,37.751508,-88.545024,23662,51710.0,7.0
17167,Sangamon County,IL,39.756381,-89.662929,196122,71653.0,3.0
17169,Schuyler County,IL,40.156905,-90.613464,6879,63737.0,9.0
17171,Scott County,IL,39.637002,-90.477771,4899,70500.0,9.0
17173,Shelby County,IL,39.384916,-88.798865,21042,65585.0,8.0
17175,Stark County,IL,41.096908,-89.797411,5395,58125.0,2.0
17177,Stephenson County,IL,42.349726,-89.665994,44482,57527.0,4.0
17179,Tazewell County,IL,40.508074,-89.51626,131276,74606.0,2.0
17181,Union County,IL,37.485652,-89.244639,17122,54090.0,6.0
17183,Vermilion County,IL,40.186755,-87.726778,74113,52787.0,4.0
17185,Wabash County,IL,38.445821,-87.839167,11321,54074.0,7.0
17187,Warren County,IL,40.850441,-90.620223,16760,62700.0,6.0
17189,Washington County,IL,38.35314,-89.417187,13781,75111.0,8.0
17191,Wayne County,IL,38.431857,-88.43243,16127,53522.0,9.0
17193,White County,IL,38.087088,-88.178251,13834,54605.0,6.0
17195,Whiteside County,IL,41.750675,-89.911005,55569,62828.0,4.0
17197,Will County,IL,41.448474,-87.978456,696774,103678.0,1.0
17199,Williamson County,IL,37.730353,-88.930018,67120,60325.0,5.0
17201,Winnebago County,IL,42.337396,-89.161205,284591,61738.0,2.0
17203,Woodford County,IL,40.789781,-89.210632,38414,80093.0,2.0
18001,Adams County,IN,40.74573,-84.936134,35827,61731.0,6.0
18003,Allen County,IN,41.091132,-85.071121,385456,66222.0,2.0
18005,Bartholomew County,IN,39.205445,-85.897988,82371,76912.0,3.0
18007,Benton County,IN,40.600943,-87.314788,8709,58620.0,3.0
18009,Blackford County,IN,40.472672,-85.32373,12074,51108.0,6.0
18011,Boone County,IN,40.050892,-86.469014,71235,103038.0,1.0
18013,Brown County,IN,39.195113,-86.230121,15513,73933.0,1.0
18015,Carroll County,IN,40.58498,-86.565141,20397,61464.0,3.0
18017,Cass County,IN,40.753799,-86.355168,37820,55862.0,4.0
18019,Clark County,IN,38.476217,-85.711122,121484,69005.0,1.0
18021,Clay County,IN,39.393934,-87.115772,26396,68364.0,3.0
18023,Clinton County,IN,40.305944,-86.477567,33020,59515.0,6.0
18025,Crawford County,IN,38.289433,-86.440871,10511,46706.0,8.0
18027,Daviess County,IN,38.69609,-87.076943,33337,64113.0,7.0
18029,Dearborn County,IN,39.140897,-84.975868,50709,80352.0,1.0
18031,Decatur County,IN,39.30598,-85.499831,26432,71566.0,6.0
18033,DeKalb County,IN,41.39676,-85.002697,43312,68110.0,4.0
18035,Delaware County,IN,40.226184,-85.397796,112156,53377.0,3.0
18037,Dubois County,IN,38.373344,-86.873385,43584,68945.0,5.0
18039,Elkhart County,IN,41.600693,-85.863986,206841,63978.0,3.0
18041,Fayette County,IN,39.639654,-85.185034,23391,52219.0,6.0
18043,Floyd County,IN,38.318081,-85.911847,80191,75686.0,1.0
18045,Fountain County,IN,40.121237,-87.234872,16468,60559.0,8.0
18047,Franklin County,IN,39.409762,-85.066964,22850,75985.0,1.0
18049,Fulton County,IN,41.050384,-86.265006,20420,62644.0,7.0
18051,Gibson County,IN,38.317398,-87.580523,33006,64153.0,6.0
18053,Grant County,IN,40.514933,-85.655216,66560,53033.0,4.0
18055,Greene County,IN,39.047147,-87.004771,30900,57771.0,6.0
18057,Hamilton County,IN,40.053828,-86.02179,349527,114866.0,1.0
18059,Hancock County,IN,39.822529,-85.77315,80170,85262.0,1.0
18061,Harrison County,IN,38.186485,-86.103827,39684,71302.0,1.0
18063,Hendricks County,IN,39.773435,-86.509872,175639,95261.0,1.0
18065,Henry County,IN,39.925293,-85.399159,48913,57632.0,6.0
18067,Howard County,IN,40.483537,-86.114118,83452,62014.0,3.0
18069,Huntington County,IN,40.826218,-85.475835,36699,59894.0,6.0
18071,Jackson County,IN,38.911957,-86.042516,46212,65609.0,4.0
18073,Jasper County,IN,41.017688,-87.118814,33045,77777.0,1.0
18075,Jay County,IN,40.434956,-85.002331,20451,52231.0,6.0
18077,Jefferson County,IN,38.783604,-85.44009,33057,57801.0,6.0
18079,Jennings County,IN,38.996314,-85.628075,27610,66892.0,6.0
18081,Johnson County,IN,39.496087,-86.09426,161952,82730.0,1.0
18083,Knox County,IN,38.688381,-87.420358,36148,58173.0,7.0
18085,Kosciusko County,IN,41.244293,-85.861575,80442,70945.0,4.0
18087,LaGrange County,IN,41.642462,-85.427845,40364,81658.0,8.0
18089,Lake County,IN,41.472247,-87.374337,497682,66375.0,1.0
18091,LaPorte County,IN,41.549013,-86.744739,112215,66854.0,3.0
18093,Lawrence County,IN,38.839815,-86.48782,45113,64210.0,6.0
18095,Madison County,IN,40.166203,-85.722454,130545,60060.0,1.0
18097,Marion County,IN,39.782976,-86.135794,971737,59504.0,1.0
18099,Marshall County,IN,41.325003,-86.269036,46208,66016.0,6.0
18101,Martin County,IN,38.705322,-86.801847,9863,65489.0,9.0
18103,Miami County,IN,40.772802,-86.044245,35952,59551.0,6.0
18105,Monroe County,IN,39.160729,-86.52331,140065,60308.0,3.0
18107,Montgomery County,IN,40.040296,-86.892715,38018,62937.0,6.0
18109,Morgan County,IN,39.482646,-86.447457,71757,79134.0,1.0
18111,Newton County,IN,40.962399,-87.402172,13829,63673.0,1.0
18113,Noble County,IN,41.404679,-85.417271,47431,70286.0,6.0
18115,Ohio County,IN,38.940527,-84.964299,5974,66333.0,1.0
18117,Orange County,IN,38.547384,-86.489258,19768,60775.0,8.0
18119,Owen County,IN,39.317339,-86.838845,21361,57947.0,3.0
18121,Parke County,IN,39.77425,-87.19695,16327,63393.0,8.0
18123,Perry County,IN,38.081436,-86.62654,19186,58936.0,7.0
18125,Pike County,IN,38.397961,-87.232547,12227,64182.0,8.0
18127,Porter County,IN,41.509506,-87.071506,173355,82915.0,1.0
18129,Posey County,IN,38.027585,-87.868528,25226,75594.0,2.0
18131,Pulaski County,IN,41.045272,-86.692538,12498,56823.0,8.0
18133,Putnam County,IN,39.665548,-86.853373,36942,70609.0,6.0
18135,Randolph County,IN,40.164089,-85.005782,24586,59674.0,6.0
18137,Ripley County,IN,39.100226,-85.260494,28990,70285.0,6.0
18139,Rush County,IN,39.622365,-85.466536,16716,62386.0,6.0
18141,St. Joseph County,IN,41.617723,-86.288048,272388,61877.0,2.0
18143,Scott County,IN,38.679431,-85.751898,24403,49343.0,6.0
18145,Shelby County,IN,39.524135,-85.792174,44940,66449.0,1.0
18147,Spencer County,IN,38.009697,-87.010375,19935,66168.0,8.0
18149,Starke County,IN,41.284478,-86.644636,23308,59916.0,8.0
18151,Steuben County,IN,41.643467,-85.002405,34507,68837.0,7.0
18153,Sullivan County,IN,39.089225,-87.415843,20791,54556.0,3.0
18155,Switzerland County,IN,38.825854,-85.029681,9896,66525.0,8.0
18157,Tippecanoe County,IN,40.389133,-86.893554,186955,55728.0,3.0
18159,Tipton County,IN,40.310229,-86.056207,15328,71947.0,1.0
18161,Union County,IN,39.618068,-84.927682,7041,68514.0,8.0
18163,Vanderburgh County,IN,38.02007,-87.586166,179900,58839.0,2.0
18165,Vermillion County,IN,39.854045,-87.462071,15488,59567.0,3.0
18167,Vigo County,IN,39.430874,-87.390989,106355,52789.0,3.0
18169,Wabash County,IN,40.843749,-85.795181,31032,66194.0,6.0
18171,Warren County,IN,40.352587,-87.374906,8454,72833.0,3.0
18173,Warrick County,IN,38.097728,-87.272049,64065,91105.0,2.0
18175,Washington County,IN,38.600992,-86.105496,28133,60695.0,1.0
18177,Wayne County,IN,39.863091,-85.006735,66522,54854.0,5.0
18179,Wells County,IN,40.735547,-85.213349,28167,68074.0,2.0
18181,White County,IN,40.75095,-86.864293,24630,65345.0,6.0
18183,Whitley County,IN,41.136426,-85.501892,34259,73636.0,2.0
19001,Adair County,IA,41.328528,-94.478164,7479,63172.0,8.0
19003,Adams County,IA,41.021656,-94.696906,3680,64750.0,9.0
19005,Allamakee County,IA,43.274964,-91.382751,14046,64049.0,8.0
19007,Appanoose County,IA,40.744209,-92.87299,12279,50684.0,7.0
19009,Audubon County,IA,41.679178,-94.904312,5651,54973.0,9.0
19011,Benton County,IA,42.092547,-92.05763,25652,79444.0,2.0
19013,Black Hawk County,IA,42.47692,-92.298011,131041,62329.0,3.0
19015,Boone County,IA,42.03862,-93.938821,26700,75759.0,3.0
19017,Bremer County,IA,42.780895,-92.327356,25012,84727.0,3.0
19019,Buchanan County,IA,42.470312,-91.838639,20631,73493.0,6.0
19021,Buena Vista County,IA,42.741522,-95.141432,20687,62662.0,7.0
19023,Butler County,IA,42.734757,-92.780153,14376,65743.0,8.0
19025,Calhoun County,IA,42.385907,-94.64371,9893,65614.0,9.0
19027,Carroll County,IA,42.039502,-94.86765,20728,68041.0,7.0
19029,Cass County,IA,41.333823,-94.933301,13116,60815.0,6.0
19031,Cedar County,IA,41.77236,-91.132611,18479,76959.0,8.0
19033,Cerro Gordo County,IA,43.074975,-93.250965,42979,63149.0,5.0
19035,Cherokee County,IA,42.742737,-95.633262,11601,63638.0,9.0
19037,Chickasaw County,IA,43.059741,-92.31721,11957,72734.0,8.0
19039,Clarke County,IA,41.029726,-93.785259,9737,63120.0,6.0
19041,Clay County,IA,43.081224,-95.149875,16423,61756.0,7.0
19043,Clayton County,IA,42.840985,-91.323576,17123,60441.0,8.0
19045,Clinton County,IA,41.898073,-90.534243,46488,61080.0,4.0
19047,Crawford County,IA,42.043119,-95.38909,16450,61188.0,7.0
19049,Dallas County,IA,41.684661,-94.041076,100367,99533.0,2.0
19051,Davis County,IA,40.748089,-92.410345,9093,77176.0,9.0
19053,Decatur County,IA,40.736379,-93.78458,7684,56068.0,9.0
19055,Delaware County,IA,42.472912,-91.368539,17523,75896.0,8.0
19057,Des Moines County,IA,40.915339,-91.186925,38824,58084.0,5.0
19059,Dickinson County,IA,43.389611,-95.196057,17692,72446.0,7.0
19061,Dubuque County,IA,42.463481,-90.878771,98812,73495.0,3.0
19063,Emmet County,IA,43.377984,-94.66937,9349,64461.0,7.0
19065,Fayette County,IA,42.864122,-91.840376,19519,56043.0,6.0
19067,Floyd County,IA,43.052741,-92.787367,15601,62356.0,7.0
19069,Franklin County,IA,42.736545,-93.271415,10015,62214.0,9.0
19071,Fremont County,IA,40.74259,-95.599182,6639,69375.0,8.0
19073,Greene County,IA,42.042513,-94.388727,8801,56884.0,8.0
19075,Grundy County,IA,42.403339,-92.790244,12351,80701.0,3.0
19077,Guthrie County,IA,41.683573,-94.501272,10619,75795.0,2.0
19079,Hamilton County,IA,42.390789,-93.70913,14979,66685.0,6.0
19081,Hancock County,IA,43.075411,-93.743697,10790,67865.0,9.0
19083,Hardin County,IA,42.390208,-93.241669,16861,64656.0,6.0
19085,Harrison County,IA,41.688584,-95.827149,14623,75830.0,2.0
19087,Henry County,IA,40.984805,-91.547257,20436,62365.0,6.0
19089,Howard County,IA,43.365312,-92.321908,9479,63947.0,8.0
19091,Humboldt County,IA,42.782221,-94.202775,9606,66617.0,7.0
19093,Ida County,IA,42.39186,-95.507421,6969,63125.0,8.0
19095,Iowa County,IA,41.683907,-92.059132,16575,69787.0,8.0
19097,Jackson County,IA,42.164226,-90.574582,19470,69709.0,6.0
19099,Jasper County,IA,41.685552,-93.054154,37808,67784.0,2.0
19101,Jefferson County,IA,41.006376,-91.966628,15785,52210.0,7.0
19103,Johnson County,IA,41.670668,-91.590546,153360,72977.0,3.0
19105,Jones County,IA,42.125117,-91.116914,20733,68781.0,2.0
19107,Keokuk County,IA,41.331184,-92.167728,10026,60016.0,8.0
19109,Kossuth County,IA,43.212333,-94.213971,14718,62553.0,7.0
19111,Lee County,IA,40.647588,-91.477157,33442,58094.0,7.0
19113,Linn County,IA,42.076074,-91.596206,229308,75457.0,2.0
19115,Louisa County,IA,41.218211,-91.256994,10823,72500.0,8.0
19117,Lucas County,IA,41.033321,-93.331462,8666,63405.0,8.0
19119,Lyon County,IA,43.38358,-96.207201,12023,73735.0,8.0
19121,Madison County,IA,41.330622,-94.015184,16609,88110.0,2.0
19123,Mahaska County,IA,41.330797,-92.636366,22059,65200.0,7.0
19125,Marion County,IA,41.331432,-93.093868,33487,74193.0,6.0
19127,Marshall County,IA,42.0417,-92.981403,40049,70828.0,4.0
19129,Mills County,IA,41.033703,-95.619101,14605,81907.0,2.0
19131,Mitchell County,IA,43.348564,-92.784466,10537,66056.0,9.0
19133,Monona County,IA,42.049432,-95.956566,8671,59897.0,8.0
19135,Monroe County,IA,41.028847,-92.869642,7574,76324.0,9.0
19137,Montgomery County,IA,41.021735,-95.15779,10285,61261.0,6.0
19139,Muscatine County,IA,41.483778,-91.118704,42968,67427.0,4.0
19141,O'Brien County,IA,43.083746,-95.625624,14138,65076.0,7.0
19143,Osceola County,IA,43.37847,-95.633886,6149,67561.0,9.0
19145,Page County,IA,40.739097,-95.144301,15225,58264.0,6.0
19147,Palo Alto County,IA,43.075337,-94.669055,8938,67306.0,9.0
19149,Plymouth County,IA,42.737615,-96.215973,25621,79963.0,6.0
19151,Pocahontas County,IA,42.734033,-94.678279,7061,61434.0,9.0
19153,Polk County,IA,41.684276,-93.568245,493378,78827.0,2.0
19155,Pottawattamie County,IA,41.340184,-95.544905,93543,68718.0,2.0
19157,Poweshiek County,IA,41.684648,-92.522782,18608,61192.0,6.0
19159,Ringgold County,IA,40.735334,-94.244251,4690,67898.0,9.0
19161,Sac County,IA,42.387526,-95.105224,9778,68778.0,9.0
19163,Scott County,IA,41.642079,-90.622289,174315,72792.0,2.0
19165,Shelby County,IA,41.679014,-95.308917,11737,70295.0,8.0
19167,Sioux County,IA,43.082618,-96.17798,35815,81914.0,6.0
19169,Story County,IA,42.037538,-93.466093,98573,66197.0,3.0
19171,Tama County,IA,42.074848,-92.529411,17017,65483.0,6.0
19173,Taylor County,IA,40.737949,-94.697108,5916,65926.0,9.0
19175,Union County,IA,41.02855,-94.245091,12107,56495.0,6.0
19177,Van Buren County,IA,40.754117,-91.952943,7207,58417.0,9.0
19179,Wapello County,IA,41.031728,-92.409469,35292,56209.0,5.0
19181,Warren County,IA,41.332446,-93.568751,52709,89741.0,2.0
19183,Washington County,IA,41.329412,-91.725038,22534,71122.0,3.0
19185,Wayne County,IA,40.739983,-93.332613,6484,58257.0,9.0
19187,Webster County,IA,42.433579,-94.175831,36986,65335.0,5.0
19189,Winnebago County,IA,43.378124,-93.743488,10704,62853.0,9.0
19191,Winneshiek County,IA,43.292989,-91.850788,20050,67770.0,7.0
19193,Woodbury County,IA,42.39322,-96.053296,105526,68399.0,3.0
19195,Worth County,IA,43.373491,-93.248533,7417,69897.0,9.0
19197,Wright County,IA,42.733007,-93.734735,12897,58240.0,9.0
20001,Allen County,KS,37.884228,-95.300945,12554,55059.0,7.0
20003,Anderson County,KS,38.215114,-95.292046,7799,67651.0,8.0
20005,Atchison County,KS,39.532544,-95.313397,16309,55281.0,6.0
20007,Barber County,KS,37.222906,-98.685052,4081,53774.0,9.0
20009,Barton County,KS,38.481239,-98.767837,25477,54634.0,7.0
20011,Bourbon County,KS,37.8561,-94.850928,14405,55826.0,6.0
20013,Brown County,KS,39.825931,-95.569905,9486,55876.0,8.0
20015,Butler County,KS,37.773649,-96.83884,67618,77724.0,2.0
20017,Chase County,KS,38.299475,-96.594029,2570,52481.0,8.0
20019,Chautauqua County,KS,37.154259,-96.245396,3389,51210.0,9.0
20021,Cherokee County,KS,37.169392,-94.845698,19380,53382.0,3.0
20023,Cheyenne County,KS,39.789901,-101.727317,2619,52730.0,9.0
20025,Clark County,KS,37.233831,-99.813869,1977,58287.0,9.0
20027,Clay County,KS,39.344964,-97.168853,8088,57765.0,8.0
20029,Cloud County,KS,39.487329,-97.64139,9008,51197.0,7.0
20031,Coffey County,KS,38.23645,-95.729137,8334,67645.0,8.0
20033,Comanche County,KS,37.181442,-99.251293,1825,49754.0,9.0
20035,Cowley County,KS,37.234507,-96.837247,34661,55726.0,4.0
20037,Crawford County,KS,37.505821,-94.853897,39012,49779.0,4.0
20039,Decatur County,KS,39.783542,-100.459708,2771,49412.0,9.0
20041,Dickinson County,KS,38.867735,-97.157943,18492,62971.0,6.0
20043,Doniphan County,KS,39.788502,-95.147225,7501,66358.0,3.0
20045,Douglas County,KS,38.896417,-95.290947,119094,66153.0,3.0
20047,Edwards County,KS,37.883595,-99.304746,2849,52750.0,9.0
20049,Elk County,KS,37.456026,-96.244642,2453,50000.0,8.0
20051,Ellis County,KS,38.914597,-99.317313,28921,59665.0,5.0
20053,Ellsworth County,KS,38.700845,-98.205355,6374,59844.0,9.0
20055,Finney County,KS,38.049808,-100.739967,38187,68481.0,5.0
20057,Ford County,KS,37.68851,-99.884743,34212,67997.0,5.0
20059,Franklin County,KS,38.558019,-95.278962,25968,68217.0,6.0
20061,Geary County,KS,39.002159,-96.768027,36247,57992.0,3.0
20063,Gove County,KS,38.917239,-100.48736,2758,59417.0,9.0
20065,Graham County,KS,39.354972,-99.879894,2430,47071.0,9.0
20067,Grant County,KS,37.547539,-101.299362,7336,84808.0,7.0
20069,Gray County,KS,37.744513,-100.451715,5719,74500.0,9.0
20071,Greeley County,KS,38.480404,-101.80597,1279,69948.0,9.0
20073,Greenwood County,KS,37.879347,-96.241732,6001,51812.0,8.0
20075,Hamilton County,KS,37.995244,-101.793689,2520,58750.0,9.0
20077,Harper County,KS,37.188184,-98.06659,5457,53032.0,8.0
20079,Harvey County,KS,38.050144,-97.436706,33959,70685.0,2.0
20081,Haskell County,KS,37.555075,-100.879976,3735,66458.0,9.0
20083,Hodgeman County,KS,38.087493,-99.898407,1770,63125.0,9.0
20085,Jackson County,KS,39.411096,-95.794492,13274,70385.0,3.0
20087,Jefferson County,KS,39.239606,-95.375326,18387,74562.0,3.0
20089,Jewell County,KS,39.777005,-98.222619,2929,47109.0,9.0
20091,Johnson County,KS,38.883907,-94.82233,610742,103644.0,1.0
20093,Kearny County,KS,37.994461,-101.308136,3964,68750.0,9.0
20095,Kingman County,KS,37.552951,-98.144529,7369,59640.0,8.0
20097,Kiowa County,KS,37.561231,-99.286538,2445,70347.0,9.0
20099,Labette County,KS,37.191468,-95.297473,20096,56143.0,7.0
20101,Lane County,KS,38.481286,-100.466185,1528,52222.0,9.0
20103,Leavenworth County,KS,39.189511,-95.038977,82050,84307.0,1.0
20105,Lincoln County,KS,39.047228,-98.214381,2929,52540.0,9.0
20107,Linn County,KS,38.216549,-94.844932,9696,56697.0,1.0
20109,Logan County,KS,38.907222,-101.156894,2752,70382.0,9.0
20111,Lyon County,KS,38.455403,-96.161641,32182,56415.0,4.0
20113,McPherson County,KS,38.395812,-97.647489,30085,71250.0,7.0
20115,Marion County,KS,38.359647,-97.102771,11867,60011.0,8.0
20117,Marshall County,KS,39.782709,-96.521243,10014,64306.0,8.0
20119,Meade County,KS,37.244252,-100.36063,4019,74063.0,9.0
20121,Miami County,KS,38.566771,-94.832966,34312,85564.0,1.0
20123,Mitchell County,KS,39.393026,-98.207362,5829,63008.0,9.0
20125,Montgomery County,KS,37.189537,-95.742403,31448,51513.0,7.0
20127,Morris County,KS,38.688204,-96.651448,5385,52866.0,8.0
20129,Morton County,KS,37.185249,-101.809516,2688,57943.0,9.0
20131,Nemaha County,KS,39.791043,-96.005381,10219,72788.0,9.0
20133,Neosho County,KS,37.564283,-95.315682,15826,54894.0,7.0
20135,Ness County,KS,38.480437,-99.908745,2677,64907.0,9.0
20137,Norton County,KS,39.783867,-99.899235,5431,52710.0,9.0
20139,Osage County,KS,38.650215,-95.708255,15787,66155.0,3.0
20141,Osborne County,KS,39.348261,-98.767942,3493,58750.0,9.0
20143,Ottawa County,KS,39.137963,-97.654802,5768,74551.0,9.0
20145,Pawnee County,KS,38.181477,-99.234772,6288,54141.0,9.0
20147,Phillips County,KS,39.784506,-99.34215,4960,57611.0,9.0
20149,Pottawatomie County,KS,39.382187,-96.337113,25482,85241.0,3.0
20151,Pratt County,KS,37.647594,-98.74012,9175,61685.0,7.0
20153,Rawlins County,KS,39.786198,-101.076738,2544,61827.0,9.0
20155,Reno County,KS,37.948185,-98.078346,61881,57390.0,4.0
20157,Republic County,KS,39.828906,-97.650883,4686,54531.0,9.0
20159,Rice County,KS,38.347178,-98.201415,9441,58523.0,9.0
20161,Riley County,KS,39.29121,-96.727488,72105,56327.0,3.0
20163,Rooks County,KS,39.346006,-99.324492,4925,60821.0,9.0
20165,Rush County,KS,38.523596,-99.309184,2939,53523.0,9.0
20167,Russell County,KS,38.91604,-98.770949,6702,49929.0,9.0
20169,Saline County,KS,38.791794,-97.651557,54160,59887.0,5.0
20171,Scott County,KS,38.481877,-100.90636,5128,53365.0,9.0
20173,Sedgwick County,KS,37.681045,-97.461054,522700,65372.0,2.0
20175,Seward County,KS,37.172018,-100.848711,21942,57131.0,7.0
20177,Shawnee County,KS,39.041805,-95.755664,178625,63463.0,3.0
20179,Sheridan County,KS,39.350547,-100.441228,2450,66719.0,9.0
20181,Sherman County,KS,39.351352,-101.719859,5940,61404.0,9.0
20183,Smith County,KS,39.78466,-98.785429,3561,50943.0,9.0
20185,Stafford County,KS,38.03563,-98.719889,4054,60000.0,9.0
20187,Stanton County,KS,37.565932,-101.789383,2060,66000.0,9.0
20189,Stevens County,KS,37.201639,-101.317421,5275,67950.0,9.0
20191,Sumner County,KS,37.236665,-97.493379,22517,59397.0,2.0
20193,Thomas County,KS,39.357678,-101.093755,7907,72417.0,7.0
20195,Trego County,KS,38.921302,-99.865423,2798,77500.0,9.0
20197,Wabaunsee County,KS,38.955154,-96.201262,6922,70000.0,3.0
20199,Wallace County,KS,38.926626,-101.771103,1489,57708.0,9.0
20201,Washington County,KS,39.776715,-97.09561,5529,59432.0,9.0
20203,Wichita County,KS,38.483856,-101.346259,2131,69551.0,9.0
20205,Wilson County,KS,37.558515,-95.745175,8667,55439.0,9.0
20207,Woodson County,KS,37.888193,-95.758469,3134,50670.0,9.0
20209,Wyandotte County,KS,39.1131,-94.763123,167989,57771.0,1.0
21001,Adair County,KY,37.1056,-85.281311,18887,49690.0,7.0
21003,Allen County,KY,36.75077,-86.192458,20773,57159.0,3.0
21005,Anderson County,KY,38.005396,-84.986417,23839,69885.0,6.0
21007,Ballard County,KY,37.051323,-89.010367,7742,57111.0,3.0
21009,Barren County,KY,36.962805,-85.932108,44511,48141.0,6.0
21011,Bath County,KY,38.152249,-83.737641,12739,51471.0,8.0
21013,Bell County,KY,36.729214,-83.681062,24248,33658.0,7.0
21015,Boone County,KY,38.9589,-84.736371,136150,91697.0,1.0
21017,Bourbon County,KY,38.202562,-84.20986,20228,54580.0,2.0
21019,Boyd County,KY,38.360003,-82.681406,48242,58327.0,2.0
21021,Boyle County,KY,37.618104,-84.868352,30613,56568.0,7.0
21023,Bracken County,KY,38.680365,-84.115235,8420,59911.0,1.0
21025,Breathitt County,KY,37.517826,-83.317169,13580,38209.0,9.0
21027,Breckinridge County,KY,37.789343,-86.436766,20528,51756.0,8.0
21029,Bullitt County,KY,37.962736,-85.69981,82482,73900.0,1.0
21031,Butler County,KY,37.207013,-86.682471,12365,47589.0,3.0
21033,Caldwell County,KY,37.148642,-87.870509,12635,52488.0,7.0
21035,Calloway County,KY,36.620978,-88.274086,37345,48276.0,7.0
21037,Campbell County,KY,38.946981,-84.379583,93122,71979.0,1.0
21039,Carlisle County,KY,36.85718,-88.976614,4782,53065.0,3.0
21041,Carroll County,KY,38.668394,-85.124024,10842,50625.0,6.0
21043,Carter County,KY,38.314094,-83.038988,26671,47004.0,2.0
21045,Casey County,KY,37.321962,-84.92822,15942,42190.0,9.0
21047,Christian County,KY,36.892059,-87.492986,72766,48920.0,2.0
21049,Clark County,KY,37.970314,-84.145115,36897,61878.0,2.0
21051,Clay County,KY,37.164286,-83.715439,20322,37888.0,9.0
21053,Clinton County,KY,36.727258,-85.136098,9295,41180.0,9.0
21055,Crittenden County,KY,37.358149,-88.10501,8979,45810.0,8.0
21057,Cumberland County,KY,36.782372,-85.388484,5974,40515.0,9.0
21059,Daviess County,KY,37.732004,-87.086829,102916,64021.0,3.0
21061,Edmonson County,KY,37.227514,-86.218015,12179,53029.0,3.0
21063,Elliott County,KY,38.116883,-83.096116,7378,39469.0,8.0
21065,Estill County,KY,37.692449,-83.963983,14138,39980.0,8.0
21067,Fayette County,KY,38.040638,-84.458238,321276,66087.0,2.0
21069,Fleming County,KY,38.367848,-83.699205,15111,46885.0,9.0
21071,Floyd County,KY,37.546952,-82.734863,35780,38723.0,7.0
21073,Franklin County,KY,38.234919,-84.868786,51475,62929.0,4.0
21075,Fulton County,KY,36.552477,-89.187739,6480,35449.0,9.0
21077,Gallatin County,KY,38.755663,-84.865143,8720,58641.0,1.0
21079,Garrard County,KY,37.630162,-84.545856,17175,58263.0,8.0
21081,Grant County,KY,38.649167,-84.625924,25085,65461.0,1.0
21083,Graves County,KY,36.723344,-88.649897,36701,52526.0,6.0
21085,Grayson County,KY,37.458577,-86.344011,26465,47024.0,6.0
21087,Green County,KY,37.268101,-85.542157,11198,38595.0,8.0
21089,Greenup County,KY,38.563562,-82.93382,35853,58562.0,2.0
21091,Hancock County,KY,37.843325,-86.792761,9058,68102.0,8.0
21093,Hardin County,KY,37.695836,-85.963183,111005,64136.0,3.0
21095,Harlan County,KY,36.859223,-83.221497,26589,35128.0,7.0
21097,Harrison County,KY,38.444578,-84.334131,18803,58840.0,6.0
21099,Hart County,KY,37.305827,-85.878443,19345,45561.0,8.0
21101,Henderson County,KY,37.792542,-87.572577,44770,56912.0,4.0
21103,Henry County,KY,38.451383,-85.119647,15731,58294.0,1.0
21105,Hickman County,KY,36.675896,-88.972084,4491,68589.0,8.0
21107,Hopkins County,KY,37.31107,-87.542196,45223,54466.0,5.0
21109,Jackson County,KY,37.403458,-84.020576,13002,38516.0,9.0
21111,Jefferson County,KY,38.189532,-85.657624,779232,66296.0,1.0
21113,Jessamine County,KY,37.873291,-84.58396,53381,69905.0,2.0
21115,Johnson County,KY,37.841205,-82.839439,22631,44231.0,7.0
21117,Kenton County,KY,38.930503,-84.533438,169066,76016.0,1.0
21119,Knott County,KY,37.354368,-82.952546,14282,38336.0,9.0
21121,Knox County,KY,36.8885,-83.855551,30207,34254.0,7.0
21123,Larue County,KY,37.544462,-85.697349,14902,57867.0,3.0
21125,Laurel County,KY,37.113064,-84.119143,62442,53693.0,5.0
21127,Lawrence County,KY,38.072387,-82.733155,16228,42488.0,2.0
21129,Lee County,KY,37.608075,-83.719228,7338,31682.0,9.0
21131,Leslie County,KY,37.087846,-83.388617,10468,37019.0,9.0
21133,Letcher County,KY,37.118536,-82.861251,21490,38466.0,9.0
21135,Lewis County,KY,38.535047,-83.370143,13063,36662.0,8.0
21137,Lincoln County,KY,37.457174,-84.658335,24320,49487.0,9.0
21139,Livingston County,KY,37.209517,-88.363426,8980,56125.0,3.0
21141,Logan County,KY,36.859607,-86.881288,27498,58869.0,6.0
21143,Lyon County,KY,37.027771,-88.087914,8721,64081.0,8.0
21145,McCracken County,KY,37.054111,-88.712454,67573,58490.0,3.0
21147,McCreary County,KY,36.731136,-84.491052,16892,35000.0,9.0
21149,McLean County,KY,37.526707,-87.265597,9173,64020.0,3.0
21151,Madison County,KY,37.726382,-84.278626,92955,59797.0,4.0
21153,Magoffin County,KY,37.698983,-83.069721,11647,31927.0,9.0
21155,Marion County,KY,37.552604,-85.268959,19627,49627.0,6.0
21157,Marshall County,KY,36.882017,-88.332752,31706,64597.0,8.0
21159,Martin County,KY,37.796774,-82.506623,11298,45265.0,8.0
21161,Mason County,KY,38.594137,-83.828125,17068,48460.0,6.0
21163,Meade County,KY,37.967476,-86.200863,29964,68518.0,1.0
21165,Menifee County,KY,37.935485,-83.589355,6174,43797.0,9.0
21167,Mercer County,KY,37.812085,-84.879695,22662,60728.0,6.0
21169,Metcalfe County,KY,36.992273,-85.633548,10313,46932.0,9.0
21171,Monroe County,KY,36.714077,-85.713508,11331,47252.0,8.0
21173,Montgomery County,KY,38.038109,-83.912416,28188,53436.0,6.0
21175,Morgan County,KY,37.92294,-83.258944,13840,46018.0,9.0
21177,Muhlenberg County,KY,37.213816,-87.134092,30735,50935.0,6.0
21179,Nelson County,KY,37.80312,-85.465931,46779,66212.0,1.0
21181,Nicholas County,KY,38.338031,-84.026223,7613,57539.0,8.0
21183,Ohio County,KY,37.478235,-86.840642,23782,52474.0,6.0
21185,Oldham County,KY,38.400391,-85.456118,67997,117334.0,1.0
21187,Owen County,KY,38.499416,-84.841574,11229,56485.0,8.0
21189,Owsley County,KY,37.423622,-83.691637,4054,32844.0,9.0
21191,Pendleton County,KY,38.696284,-84.351943,14638,58723.0,1.0
21193,Perry County,KY,37.241282,-83.217772,28136,45330.0,7.0
21195,Pike County,KY,37.486031,-82.410912,58196,41271.0,7.0
21197,Powell County,KY,37.809562,-83.831234,13089,38415.0,8.0
21199,Pulaski County,KY,37.10732,-84.577001,65145,48768.0,5.0
21201,Robertson County,KY,38.513473,-84.06423,2207,53798.0,8.0
21203,Rockcastle County,KY,37.36105,-84.314368,16171,45693.0,9.0
21205,Rowan County,KY,38.204266,-83.428079,24551,50038.0,6.0
21207,Russell County,KY,36.990587,-85.05495,18021,48220.0,9.0
21209,Scott County,KY,38.28571,-84.57834,57286,80782.0,2.0
21211,Shelby County,KY,38.239011,-85.228247,48105,81012.0,1.0
21213,Simpson County,KY,36.739549,-86.581406,19574,55907.0,6.0
21215,Spencer County,KY,38.025313,-85.317312,19549,101118.0,1.0
21217,Taylor County,KY,37.37013,-85.315711,26056,63211.0,7.0
21219,Todd County,KY,36.840338,-87.183642,12281,57891.0,8.0
21221,Trigg County,KY,36.807681,-87.858652,14154,55864.0,2.0
21223,Trimble County,KY,38.62004,-85.351208,8510,66492.0,8.0
21225,Union County,KY,37.658029,-87.95165,13495,58260.0,8.0
21227,Warren County,KY,36.995634,-86.423579,135307,63074.0,3.0
21229,Washington County,KY,37.754209,-85.175416,12025,65456.0,8.0
21231,Wayne County,KY,36.800772,-84.82659,19666,41583.0,7.0
21233,Webster County,KY,37.520483,-87.685233,12951,55451.0,9.0
21235,Whitley County,KY,36.758024,-84.144648,36648,44332.0,7.0
21237,Wolfe County,KY,37.743893,-83.49511,6573,28666.0,9.0
21239,Woodford County,KY,38.043103,-84.748855,26886,78295.0,2.0
22001,Acadia Parish,LA,30.291497,-92.411037,57674,44977.0,2.0
22003,Allen Parish,LA,30.652744,-92.819605,22798,52755.0,6.0
22005,Ascension Parish,LA,30.206925,-90.913301,126973,93800.0,2.0
22007,Assumption Parish,LA,29.9033,-91.065219,21067,47023.0,2.0
22009,Avoyelles Parish,LA,31.088503,-91.983275,39529,38696.0,6.0
22011,Beauregard Parish,LA,30.645018,-93.340253,36553,68525.0,6.0
22013,Bienville Parish,LA,32.340952,-93.041151,12958,34268.0,8.0
22015,Bossier Parish,LA,32.693317,-93.631366,128877,64598.0,2.0
22017,Caddo Parish,LA,32.580106,-93.88497,236259,47572.0,2.0
22019,Calcasieu Parish,LA,30.229559,-93.358015,210770,64370.0,2.0
22021,Caldwell Parish,LA,32.101219,-92.114231,9658,45707.0,8.0
22023,Cameron Parish,LA,29.870071,-93.161272,5447,69847.0,2.0
22025,Catahoula Parish,LA,31.66705,-91.844779,8895,48259.0,9.0
22027,Claiborne Parish,LA,32.82716,-92.989728,14203,32034.0,9.0
22029,Concordia Parish,LA,31.469805,-91.626315,18677,38929.0,6.0
22031,De Soto Parish,LA,32.059262,-93.740871,26821,49807.0,2.0
22033,East Baton Rouge Parish,LA,30.54397,-91.093149,454369,62083.0,2.0
22035,East Carroll Parish,LA,32.73017,-91.234141,7371,30856.0,8.0
22037,East Feliciana Parish,LA,30.841704,-91.043738,19452,64709.0,2.0
22039,Evangeline Parish,LA,30.720693,-92.404086,32335,34526.0,6.0
22041,Franklin Parish,LA,32.139076,-91.672371,19752,41129.0,6.0
22043,Grant Parish,LA,31.597787,-92.561716,22185,57362.0,3.0
22045,Iberia Parish,LA,29.606013,-91.842706,69958,55190.0,4.0
22047,Iberville Parish,LA,30.270658,-91.36587,30210,59410.0,2.0
22049,Jackson Parish,LA,32.30429,-92.5617,15093,40406.0,6.0
22051,Jefferson Parish,LA,29.548672,-90.061744,436171,63257.0,1.0
22053,Jefferson Davis Parish,LA,30.269529,-92.816221,32277,52470.0,2.0
22055,Lafayette Parish,LA,30.206507,-92.06417,243175,66617.0,2.0
22057,Lafourche Parish,LA,29.491992,-90.394849,97220,61381.0,3.0
22059,LaSalle Parish,LA,31.680083,-92.161596,14764,59926.0,8.0
22061,Lincoln Parish,LA,32.608458,-92.663734,48323,37001.0,4.0
22063,Livingston Parish,LA,30.440419,-90.727474,143425,77978.0,2.0
22065,Madison Parish,LA,32.351304,-91.240862,10028,34508.0,6.0
22067,Morehouse Parish,LA,32.820008,-91.800399,25438,37875.0,3.0
22069,Natchitoches Parish,LA,31.732509,-93.082546,37478,41310.0,6.0
22071,Orleans Parish,LA,30.052877,-89.934502,380408,51116.0,1.0
22073,Ouachita Parish,LA,32.481254,-92.151748,159585,49261.0,3.0
22075,Plaquemines Parish,LA,29.282447,-89.576068,23305,77996.0,1.0
22077,Pointe Coupee Parish,LA,30.708319,-91.604621,20652,53045.0,2.0
22079,Rapides Parish,LA,31.193204,-92.535953,129536,55407.0,3.0
22081,Red River Parish,LA,32.101213,-93.34905,7631,43821.0,8.0
22083,Richland Parish,LA,32.413158,-91.748353,20028,48125.0,3.0
22085,Sabine Parish,LA,31.560402,-93.559579,22209,40777.0,8.0
22087,St. Bernard Parish,LA,29.91811,-89.263494,44038,55857.0,1.0
22089,St. Charles Parish,LA,29.905722,-90.357855,52191,79191.0,1.0
22091,St. Helena Parish,LA,30.822539,-90.708307,10872,46402.0,2.0
22093,St. James Parish,LA,30.024777,-90.793956,20090,62946.0,1.0
22095,St. John the Baptist Parish,LA,30.144068,-90.49096,41986,65114.0,1.0
22097,St. Landry Parish,LA,30.583441,-91.989274,82574,44478.0,4.0
22099,St. Martin Parish,LA,30.121433,-91.611481,51856,50806.0,2.0
22101,St. Mary Parish,LA,29.629349,-91.463804,49114,47322.0,4.0
22103,St. Tammany Parish,LA,30.410022,-89.951962,266168,76914.0,2.0
22105,Tangipahoa Parish,LA,30.621348,-90.40649,133953,55274.0,3.0
22107,Tensas Parish,LA,32.001489,-91.342576,4127,35653.0,9.0
22109,Terrebonne Parish,LA,29.33413,-90.843674,108862,63088.0,3.0
22111,Union Parish,LA,32.829349,-92.37565,21049,47068.0,3.0
22113,Vermilion Parish,LA,29.806638,-92.321394,57202,56194.0,2.0
22115,Vernon Parish,LA,31.102841,-93.18833,48452,56547.0,4.0
22117,Washington Parish,LA,30.852144,-90.046253,45514,41803.0,6.0
22119,Webster Parish,LA,32.732152,-93.339825,36761,34263.0,6.0
22121,West Baton Rouge Parish,LA,30.465255,-91.310224,27377,80510.0,2.0
22123,West Carroll Parish,LA,32.79248,-91.451998,9800,45035.0,8.0
22125,West Feliciana Parish,LA,30.873364,-91.421776,15358,71985.0,2.0
22127,Winn Parish,LA,31.941187,-92.641269,13665,44922.0,8.0
23001,Androscoggin County,ME,44.167681,-70.207435,111532,64500.0,3.0
23003,Aroostook County,ME,46.709193,-68.612409,67237,50843.0,7.0
23005,Cumberland County,ME,43.808348,-70.330375,303357,87710.0,2.0
23007,Franklin County,ME,44.976724,-70.414935,29839,56890.0,8.0
23009,Hancock County,ME,44.563458,-68.377083,55851,64149.0,8.0
23011,Kennebec County,ME,44.417012,-69.765764,124003,62118.0,4.0
23013,Knox County,ME,44.042045,-69.038514,40729,68904.0,7.0
23015,Lincoln County,ME,43.994781,-69.513624,35466,69638.0,8.0
23017,Oxford County,ME,44.494605,-70.733934,58276,54780.0,6.0
23019,Penobscot County,ME,45.410987,-68.667635,152640,59438.0,3.0
23021,Piscataquis County,ME,45.915639,-69.102231,16936,51805.0,8.0
23023,Sagadahoc County,ME,43.916918,-69.844522,36868,77591.0,2.0
23025,Somerset County,ME,45.503646,-69.95611,50656,53527.0,6.0
23027,Waldo County,ME,44.475023,-69.117429,39772,62694.0,8.0
23029,Washington County,ME,44.967009,-67.609354,31096,51669.0,9.0
23031,York County,ME,43.428852,-70.673778,212691,79743.0,2.0
24001,Allegany County,MD,39.612313,-78.703104,68161,55248.0,4.0
24003,Anne Arundel County,MD,38.991657,-76.560916,588109,116009.0,1.0
24005,Baltimore County,MD,39.443167,-76.616569,850737,88157.0,1.0
24009,Calvert County,MD,38.518822,-76.525248,93244,128078.0,3.0
24011,Caroline County,MD,38.871531,-75.831662,33320,65326.0,6.0
24013,Carroll County,MD,39.563568,-77.015064,173225,111672.0,1.0
24015,Cecil County,MD,39.562331,-75.941631,103876,86869.0,1.0
24017,Charles County,MD,38.478403,-77.011123,167035,116882.0,1.0
24019,Dorchester County,MD,38.429201,-76.04743,32557,57490.0,6.0
24021,Frederick County,MD,39.470128,-77.397591,273829,115724.0,1.0
24023,Garrett County,MD,39.547299,-79.274619,28856,64447.0,8.0
24025,Harford County,MD,39.537429,-76.299789,261059,106417.0,1.0
24027,Howard County,MD,39.252264,-76.924406,332011,140971.0,1.0
24029,Kent County,MD,39.241279,-76.125986,19289,71635.0,6.0
24031,Montgomery County,MD,39.137381,-77.203063,1056910,125583.0,1.0
24033,Prince George's County,MD,38.829278,-76.848188,957189,97935.0,1.0
24035,Queen Anne's County,MD,39.047013,-76.085841,50316,108332.0,1.0
24037,St. Mary's County,MD,38.223077,-76.534487,113814,113668.0,3.0
24039,Somerset County,MD,38.07445,-75.853323,24672,52149.0,3.0
24041,Talbot County,MD,38.747066,-76.177374,37663,81667.0,6.0
24043,Washington County,MD,39.603621,-77.814671,154645,73017.0,2.0
24045,Wicomico County,MD,38.366702,-75.632321,103815,69421.0,3.0
24047,Worcester County,MD,38.222133,-75.309931,52827,76689.0,4.0
24510,Baltimore city,MD,39.300061,-76.610518,584548,58349.0,1.0
25001,Barnstable County,MA,41.706123,-70.164823,229436,90447.0,3.0
25003,Berkshire County,MA,42.371493,-73.217928,128763,69744.0,3.0
25005,Bristol County,MA,41.74883,-71.088819,576699,80628.0,1.0
25007,Dukes County,MA,41.38097,-70.701499,20543,93225.0,7.0
25009,Essex County,MA,42.642708,-70.864909,806103,94378.0,1.0
25011,Franklin County,MA,42.584504,-72.591792,70980,70383.0,4.0
25013,Hampden County,MA,42.136196,-72.635645,464575,66619.0,2.0
25015,Hampshire County,MA,42.33946,-72.663692,153931,84025.0,3.0
25017,Middlesex County,MA,42.481721,-71.394916,1623109,121304.0,1.0
25019,Nantucket County,MA,41.293102,-70.1015,14065,135590.0,7.0
25021,Norfolk County,MA,42.171741,-71.181111,722112,120621.0,1.0
25023,Plymouth County,MA,41.987196,-70.741942,529548,105387.0,1.0
25025,Suffolk County,MA,42.332735,-71.013513,785443,87669.0,1.0
25027,Worcester County,MA,42.311693,-71.940282,858898,88524.0,2.0
26001,Alcona County,MI,44.657509,-83.29458,10238,50295.0,9.0
26003,Alger County,MI,46.521736,-86.657119,8866,55528.0,9.0
26005,Allegan County,MI,42.421236,-86.261404,120189,75543.0,4.0
26007,Alpena County,MI,44.894948,-83.426591,28911,49133.0,7.0
26009,Antrim County,MI,45.004713,-85.163668,23662,68850.0,8.0
26011,Arenac County,MI,44.036833,-83.740675,15031,53487.0,8.0
26013,Baraga County,MI,46.695859,-88.36182,8245,51911.0,9.0
26015,Barry County,MI,42.582811,-85.31455,62581,75182.0,1.0
26017,Bay County,MI,43.699711,-83.978701,103752,57887.0,3.0
26019,Benzie County,MI,44.636844,-86.231999,18058,71327.0,3.0
26021,Berrien County,MI,41.791382,-86.742543,153938,60379.0,3.0
26023,Branch County,MI,41.918455,-85.066885,44795,60600.0,6.0
26025,Calhoun County,MI,42.24299,-85.012385,134011,58191.0,3.0
26027,Cass County,MI,41.917283,-86.000208,51604,65183.0,2.0
26029,Charlevoix County,MI,45.618554,-85.543684,26174,69764.0,7.0
26031,Cheboygan County,MI,45.476038,-84.495228,25709,59557.0,7.0
26033,Chippewa County,MI,46.321819,-84.52063,36670,58408.0,7.0
26035,Clare County,MI,43.991137,-84.838325,30998,47816.0,8.0
26037,Clinton County,MI,42.950455,-84.591695,79249,82594.0,2.0
26039,Crawford County,MI,44.678167,-84.611484,13197,57998.0,9.0
26041,Delta County,MI,45.805229,-86.901938,36839,53852.0,5.0
26043,Dickinson County,MI,46.012833,-87.866139,25937,59651.0,7.0
26045,Eaton County,MI,42.58953,-84.84645,109072,77158.0,2.0
26047,Emmet County,MI,45.590094,-84.986822,34072,69690.0,7.0
26049,Genesee County,MI,43.021077,-83.706372,405280,58594.0,2.0
26051,Gladwin County,MI,43.98975,-84.389816,25461,53717.0,8.0
26053,Gogebic County,MI,46.488054,-89.788314,14597,47913.0,7.0
26055,Grand Traverse County,MI,44.718688,-85.553848,95315,75553.0,3.0
26057,Gratiot County,MI,43.292326,-84.60469,41534,57934.0,6.0
26059,Hillsdale County,MI,41.927461,-84.637479,45698,59425.0,6.0
26061,Houghton County,MI,46.998427,-88.651903,37414,52736.0,5.0
26063,Huron County,MI,43.907616,-82.857045,31461,54475.0,9.0
26065,Ingham County,MI,42.603534,-84.373811,282540,62548.0,2.0
26067,Ionia County,MI,42.94465,-85.073766,66663,71720.0,1.0
26069,Iosco County,MI,44.386912,-83.380142,25319,46224.0,7.0
26071,Iron County,MI,46.178069,-88.551794,11585,52241.0,9.0
26073,Isabella County,MI,43.645233,-84.839424,64938,52638.0,4.0
26075,Jackson County,MI,42.248474,-84.420868,160637,62581.0,3.0
26077,Kalamazoo County,MI,42.246145,-85.533415,261426,67905.0,2.0
26079,Kalkaska County,MI,44.677483,-85.088992,17934,56380.0,3.0
26081,Kent County,MI,43.032497,-85.547446,657321,76247.0,1.0
26083,Keweenaw County,MI,47.367297,-88.351332,2088,55560.0,9.0
26085,Lake County,MI,43.995187,-85.8114,12285,45946.0,9.0
26087,Lapeer County,MI,43.088633,-83.224325,88687,75402.0,1.0
26089,Leelanau County,MI,45.146182,-86.051574,22426,82345.0,3.0
26091,Lenawee County,MI,41.896031,-84.074361,99263,65484.0,4.0
26093,Livingston County,MI,42.602532,-83.911718,194302,96135.0,1.0
26095,Luce County,MI,46.510988,-85.517552,5442,51015.0,9.0
26097,Mackinac County,MI,46.167704,-85.30374,10843,60620.0,9.0
26099,Macomb County,MI,42.671553,-82.911456,878453,73876.0,1.0
26101,Manistee County,MI,44.244889,-86.327697,25058,59467.0,6.0
26103,Marquette County,MI,46.632218,-87.562682,66376,63115.0,5.0
26105,Mason County,MI,43.957196,-86.442937,29178,60744.0,7.0
26107,Mecosta County,MI,43.635295,-85.332751,40128,54132.0,6.0
26109,Menominee County,MI,45.536364,-87.501231,23433,54074.0,7.0
26111,Midland County,MI,43.648203,-84.379414,83503,73643.0,3.0
26113,Missaukee County,MI,44.325424,-85.085471,15089,57667.0,8.0
26115,Monroe County,MI,41.916097,-83.487106,154823,72573.0,3.0
26117,Montcalm County,MI,43.312782,-85.149468,66901,61250.0,1.0
26119,Montmorency County,MI,45.024134,-84.130107,9261,46345.0,9.0
26121,Muskegon County,MI,43.428739,-86.420908,175947,61347.0,3.0
26123,Newaygo County,MI,43.562696,-85.791448,50130,59065.0,6.0
26125,Oakland County,MI,42.660452,-83.38421,1272264,92620.0,1.0
26127,Oceana County,MI,43.603954,-86.467177,26707,60691.0,8.0
26129,Ogemaw County,MI,44.33328,-84.128073,20820,50377.0,9.0
26131,Ontonagon County,MI,46.835203,-89.276943,5862,48316.0,9.0
26133,Osceola County,MI,43.996693,-85.318062,23022,54875.0,9.0
26135,Oscoda County,MI,44.687255,-84.126903,8264,48692.0,9.0
26137,Otsego County,MI,45.021787,-84.576603,25221,62865.0,7.0
26139,Ottawa County,MI,43.054969,-86.219349,296183,83932.0,1.0
26141,Presque Isle County,MI,45.252397,-83.432283,13083,55986.0,9.0
26143,Roscommon County,MI,44.339517,-84.611271,23556,49898.0,7.0
26145,Saginaw County,MI,43.328267,-84.05541,189821,56579.0,3.0
26147,St. Clair County,MI,42.928803,-82.668913,160257,66887.0,1.0
26149,St. Joseph County,MI,41.911488,-85.52287,60887,62281.0,4.0
26151,Sanilac County,MI,43.449155,-82.642815,40759,55740.0,8.0
26153,Schoolcraft County,MI,45.986249,-86.218067,8062,55071.0,9.0
26155,Shiawassee County,MI,42.951545,-84.146352,68124,62498.0,4.0
26157,Tuscola County,MI,43.487902,-83.436618,53218,59815.0,6.0
26159,Van Buren County,MI,42.28215,-86.306076,75636,65531.0,6.0
26161,Washtenaw County,MI,42.252217,-83.843423,370231,84245.0,2.0
26163,Wayne County,MI,42.284664,-83.261953,1781641,57223.0,1.0
26165,Wexford County,MI,44.331375,-85.570046,33766,58652.0,6.0
27001,Aitkin County,MN,46.602409,-93.419694,15859,56406.0,8.0
27003,Anoka County,MN,45.27411,-93.242723,363985,95782.0,1.0
27005,Becker County,MN,46.937629,-95.741757,35202,68683.0,6.0
27007,Beltrami County,MN,47.878892,-94.980236,46274,62173.0,7.0
27009,Benton County,MN,45.701225,-94.00144,41300,70346.0,3.0
27011,Big Stone County,MN,45.419925,-96.402226,5161,63024.0,9.0
27013,Blue Earth County,MN,44.028593,-94.06428,69022,70906.0,3.0
27015,Brown County,MN,44.246541,-94.733647,25880,67038.0,6.0
27017,Carlton County,MN,46.603819,-92.671044,36362,74660.0,2.0
27019,Carver County,MN,44.821317,-93.800106,107216,116308.0,1.0
27021,Cass County,MN,46.951745,-94.333705,30288,61970.0,9.0
27023,Chippewa County,MN,45.028626,-95.564108,12466,62112.0,7.0
27025,Chisago County,MN,45.505444,-92.903849,56927,97446.0,1.0
27027,Clay County,MN,46.898377,-96.494901,65307,75006.0,3.0
27029,Clearwater County,MN,47.575872,-95.371117,8541,62723.0,8.0
27031,Cook County,MN,47.758556,-90.344319,5611,71937.0,9.0
27033,Cottonwood County,MN,44.010639,-95.183152,11481,63586.0,9.0
27035,Crow Wing County,MN,46.491653,-94.070718,66558,65975.0,4.0
27037,Dakota County,MN,44.670893,-93.062481,439179,101360.0,1.0
27039,Dodge County,MN,44.020706,-92.869353,20893,92890.0,3.0
27041,Douglas County,MN,45.936757,-95.461572,39081,72472.0,6.0
27043,Faribault County,MN,43.676522,-93.947234,13931,64000.0,8.0
27045,Fillmore County,MN,43.678861,-92.093807,21251,73234.0,3.0
27047,Freeborn County,MN,43.674202,-93.350289,30857,65679.0,7.0
27049,Goodhue County,MN,44.406178,-92.716,47697,78338.0,6.0
27051,Grant County,MN,45.930743,-96.010699,6091,67600.0,9.0
27053,Hennepin County,MN,45.006184,-93.475194,1270787,92595.0,1.0
27055,Houston County,MN,43.66699,-91.501556,18826,71580.0,3.0
27057,Hubbard County,MN,47.095551,-94.91329,21479,67197.0,9.0
27059,Isanti County,MN,45.562431,-93.296339,41257,84063.0,1.0
27061,Itasca County,MN,47.490817,-93.611102,45054,63962.0,6.0
27063,Jackson County,MN,43.671111,-95.149731,9990,68368.0,9.0
27065,Kanabec County,MN,45.94776,-93.297788,16145,68995.0,8.0
27067,Kandiyohi County,MN,45.152714,-95.004981,43686,73285.0,4.0
27069,Kittson County,MN,48.77604,-96.780349,4191,66000.0,9.0
27071,Koochiching County,MN,48.245367,-93.782659,12072,59779.0,7.0
27073,Lac qui Parle County,MN,44.999826,-96.176852,6736,66967.0,9.0
27075,Lake County,MN,47.517004,-91.411818,10915,73860.0,8.0
27077,Lake of the Woods County,MN,48.7681,-94.904633,3786,61667.0,9.0
27079,Le Sueur County,MN,44.373475,-93.730104,28795,87180.0,1.0
27081,Lincoln County,MN,44.408238,-96.272032,5630,64750.0,9.0
27083,Lyon County,MN,44.409195,-95.847268,25352,68919.0,7.0
27085,McLeod County,MN,44.821659,-94.272323,36727,73296.0,4.0
27087,Mahnomen County,MN,47.328387,-95.811089,5389,52739.0,8.0
27089,Marshall County,MN,48.362728,-96.357761,9017,69396.0,8.0
27091,Martin County,MN,43.677173,-94.547096,19960,61674.0,6.0
27093,Meeker County,MN,45.123155,-94.527346,23352,75926.0,6.0
27095,Mille Lacs County,MN,45.929266,-93.632748,26680,68088.0,1.0
27097,Morrison County,MN,46.020484,-94.266619,34023,66264.0,6.0
27099,Mower County,MN,43.666249,-92.759514,40082,66972.0,4.0
27101,Murray County,MN,44.015594,-95.761581,8170,71500.0,9.0
27103,Nicollet County,MN,44.358834,-94.245672,34380,79113.0,3.0
27105,Nobles County,MN,43.677686,-95.763132,22194,62973.0,7.0
27107,Norman County,MN,47.329453,-96.463776,6457,65278.0,8.0
27109,Olmsted County,MN,43.999628,-92.410411,162307,90420.0,3.0
27111,Otter Tail County,MN,46.405727,-95.714581,60072,67990.0,6.0
27113,Pennington County,MN,48.069247,-96.037725,13995,71504.0,6.0
27115,Pine County,MN,46.10085,-92.763091,29090,65059.0,8.0
27117,Pipestone County,MN,44.015361,-96.257015,9380,68341.0,8.0
27119,Polk County,MN,47.774254,-96.400027,31128,69540.0,3.0
27121,Pope County,MN,45.592175,-95.445578,11312,71212.0,8.0
27123,Ramsey County,MN,45.015204,-93.099965,547202,78108.0,1.0
27125,Red Lake County,MN,47.865487,-96.08718,3912,73889.0,8.0
27127,Redwood County,MN,44.403536,-95.254241,15428,65617.0,9.0
27129,Renville County,MN,44.723697,-94.955616,14707,66313.0,9.0
27131,Rice County,MN,44.351892,-93.298435,67152,78214.0,4.0
27133,Rock County,MN,43.669587,-96.263238,9659,75060.0,2.0
27135,Roseau County,MN,48.761069,-95.821504,15294,70122.0,9.0
27137,St. Louis County,MN,47.578635,-92.514585,200122,66491.0,2.0
27139,Scott County,MN,44.651811,-93.533733,151347,118268.0,1.0
27141,Sherburne County,MN,45.453166,-93.769164,97820,99431.0,1.0
27143,Sibley County,MN,44.575734,-94.230123,14950,74781.0,8.0
27145,Stearns County,MN,45.555233,-94.610483,158622,73105.0,3.0
27147,Steele County,MN,44.015181,-93.236065,37396,79722.0,5.0
27149,Stevens County,MN,45.593461,-95.992315,9682,69737.0,7.0
27151,Swift County,MN,45.27581,-95.690124,9806,58362.0,9.0
27153,Todd County,MN,46.066569,-94.900576,25277,63216.0,8.0
27155,Traverse County,MN,45.769935,-96.474832,3345,63456.0,9.0
27157,Wabasha County,MN,44.289477,-92.233498,21460,75063.0,3.0
27159,Wadena County,MN,46.586985,-94.988608,14108,54747.0,9.0
27161,Waseca County,MN,44.01846,-93.589844,18953,71856.0,6.0
27163,Washington County,MN,45.04711,-92.893466,268651,110828.0,1.0
27165,Watonwan County,MN,43.978131,-94.613906,11205,65197.0,8.0
27167,Wilkin County,MN,46.362335,-96.476657,6454,67114.0,8.0
27169,Winona County,MN,43.981353,-91.777044,49792,66162.0,4.0
27171,Wright County,MN,45.174835,-93.966978,142543,102980.0,1.0
27173,Yellow Medicine County,MN,44.715736,-95.862756,9569,70605.0,9.0
28001,Adams County,MS,31.486224,-91.351797,29425,37271.0,7.0
28003,Alcorn County,MS,34.886569,-88.581109,34717,47716.0,7.0
28005,Amite County,MS,31.203933,-90.795543,12683,34866.0,8.0
28007,Attala County,MS,33.090468,-89.588622,17842,42680.0,6.0
28009,Benton County,MS,34.809665,-89.200254,7637,38750.0,1.0
28011,Bolivar County,MS,33.799139,-90.88412,30688,37845.0,7.0
28013,Calhoun County,MS,33.936634,-89.337114,13193,44505.0,9.0
28015,Carroll County,MS,33.440795,-89.918887,9930,42285.0,8.0
28017,Chickasaw County,MS,33.933277,-88.947558,17024,40224.0,9.0
28019,Choctaw County,MS,33.345964,-89.251332,8208,41887.0,9.0
28021,Claiborne County,MS,31.97281,-90.915424,9044,34282.0,8.0
28023,Clarke County,MS,32.045374,-88.687976,15553,46329.0,9.0
28025,Clay County,MS,33.65967,-88.782468,18598,37412.0,7.0
28027,Coahoma County,MS,34.230316,-90.60401,21264,36075.0,6.0
28029,Copiah County,MS,31.867478,-90.447417,28210,46889.0,2.0
28031,Covington County,MS,31.633331,-89.548897,18323,40164.0,8.0
28033,DeSoto County,MS,34.874922,-89.991211,186214,79666.0,1.0
28035,Forrest County,MS,31.18858,-89.259447,77917,49340.0,3.0
28037,Franklin County,MS,31.477773,-90.895457,7690,43942.0,9.0
28039,George County,MS,30.85543,-88.642268,24547,51349.0,8.0
28041,Greene County,MS,31.212845,-88.634811,13672,50000.0,8.0
28043,Grenada County,MS,33.770031,-89.80274,21474,45745.0,7.0
28045,Hancock County,MS,30.391641,-89.482791,46010,63623.0,2.0
28047,Harrison County,MS,30.416536,-89.083376,208748,55211.0,2.0
28049,Hinds County,MS,32.267788,-90.466016,226541,48596.0,2.0
28051,Holmes County,MS,33.125942,-90.091197,16848,28818.0,2.0
28053,Humphreys County,MS,33.130996,-90.523421,7744,31907.0,8.0
28055,Issaquena County,MS,32.755539,-91.003535,1206,17900.0,9.0
28057,Itawamba County,MS,34.281075,-88.363127,23888,57252.0,9.0
28059,Jackson County,MS,30.455989,-88.625101,143721,60045.0,2.0
28061,Jasper County,MS,32.021286,-89.120697,16320,43914.0,8.0
28063,Jefferson County,MS,31.733633,-91.043878,7207,31544.0,9.0
28065,Jefferson Davis County,MS,31.564808,-89.827086,11291,36473.0,8.0
28067,Jones County,MS,31.616601,-89.168532,67152,49451.0,4.0
28069,Kemper County,MS,32.750136,-88.625631,8980,42947.0,9.0
28071,Lafayette County,MS,34.353072,-89.485397,56172,59748.0,4.0
28073,Lamar County,MS,31.197586,-89.506369,64425,67972.0,3.0
28075,Lauderdale County,MS,32.404017,-88.660451,72741,45649.0,5.0
28077,Lawrence County,MS,31.550009,-90.10753,11933,41096.0,8.0
28079,Leake County,MS,32.76063,-89.52225,21335,46669.0,8.0
28081,Lee County,MS,34.292689,-88.682123,83343,64479.0,5.0
28083,Leflore County,MS,33.54979,-90.294934,27920,33115.0,6.0
28085,Lincoln County,MS,31.530243,-90.453755,34855,47069.0,6.0
28087,Lowndes County,MS,33.468733,-88.43649,58547,53687.0,5.0
28089,Madison County,MS,32.63437,-90.03416,109257,79105.0,2.0
28091,Marion County,MS,31.23151,-89.822307,24362,38399.0,6.0
28093,Marshall County,MS,34.76619,-89.504231,33980,51431.0,1.0
28095,Monroe County,MS,33.89003,-88.485038,34168,51190.0,7.0
28097,Montgomery County,MS,33.500714,-89.639625,9803,36845.0,9.0
28099,Neshoba County,MS,32.752518,-89.119274,28970,47400.0,7.0
28101,Newton County,MS,32.40197,-89.118412,21275,49160.0,8.0
28103,Noxubee County,MS,33.106606,-88.566152,10261,42298.0,9.0
28105,Oktibbeha County,MS,33.422354,-88.876159,51388,42953.0,5.0
28107,Panola County,MS,34.365205,-89.963065,33157,47894.0,6.0
28109,Pearl River County,MS,30.776109,-89.586575,56351,54220.0,6.0
28111,Perry County,MS,31.169307,-88.988755,11511,48333.0,3.0
28113,Pike County,MS,31.177516,-90.397725,40098,40131.0,6.0
28115,Pontotoc County,MS,34.227081,-89.037239,31202,54414.0,9.0
28117,Prentiss County,MS,34.620566,-88.522184,24945,51578.0,7.0
28119,Quitman County,MS,34.252833,-90.290171,6113,31192.0,8.0
28121,Rankin County,MS,32.267123,-89.946063,157185,76460.0,2.0
28123,Scott County,MS,32.411959,-89.533486,27943,44968.0,2.0
28125,Sharkey County,MS,32.892395,-90.827613,3910,41000.0,8.0
28127,Simpson County,MS,31.902505,-89.917709,25889,50867.0,2.0
28129,Smith County,MS,32.019389,-89.495985,14310,51983.0,8.0
28131,Stone County,MS,30.786601,-89.107487,18360,55894.0,2.0
28133,Sunflower County,MS,33.605529,-90.59509,25867,37403.0,7.0
28135,Tallahatchie County,MS,33.954529,-90.172243,12621,35428.0,9.0
28137,Tate County,MS,34.649448,-89.943209,28094,61286.0,1.0
28139,Tippah County,MS,34.763618,-88.918819,21769,47968.0,8.0
28141,Tishomingo County,MS,34.738835,-88.234827,18837,45545.0,8.0
28143,Tunica County,MS,34.652201,-90.37177,9787,41676.0,1.0
28145,Union County,MS,34.489533,-89.002339,27880,55970.0,7.0
28147,Walthall County,MS,31.164492,-90.103431,13888,37145.0,9.0
28149,Warren County,MS,32.356095,-90.852384,44341,54117.0,4.0
28151,Washington County,MS,33.273174,-90.944446,44604,38394.0,5.0
28153,Wayne County,MS,31.642503,-88.678214,19760,34875.0,9.0
28155,Webster County,MS,33.612061,-89.283961,9942,55657.0,9.0
28157,Wilkinson County,MS,31.161091,-91.324617,8531,34928.0,8.0
28159,Winston County,MS,33.078724,-89.037391,17741,45516.0,9.0
28161,Yalobusha County,MS,34.030666,-89.703807,12499,47006.0,9.0
28163,Yazoo County,MS,32.765675,-90.387928,27467,41867.0,2.0
29001,Adair County,MO,40.190666,-92.603592,25299,51020.0,7.0
29003,Andrew County,MO,39.988863,-94.803552,18069,68774.0,3.0
29005,Atchison County,MO,40.431846,-95.437555,5270,58521.0,9.0
29007,Audrain County,MO,39.214481,-91.843418,24873,51745.0,6.0
29009,Barry County,MO,36.699376,-93.834334,34701,55592.0,6.0
29011,Barton County,MO,37.50091,-94.344059,11683,48105.0,8.0
29013,Bates County,MO,38.257217,-94.339246,16101,54122.0,1.0
29015,Benton County,MO,38.301036,-93.287942,19616,50229.0,9.0
29017,Bollinger County,MO,37.320123,-90.026992,10658,52306.0,3.0
29019,Boone County,MO,38.989861,-92.310202,184043,66564.0,3.0
29021,Buchanan County,MO,39.660369,-94.808173,84544,58303.0,3.0
29023,Butler County,MO,36.71518,-90.40313,42280,47245.0,5.0
29025,Caldwell County,MO,39.658998,-93.979179,8876,58269.0,1.0
29027,Callaway County,MO,38.835547,-91.923446,44517,70599.0,3.0
29029,Camden County,MO,38.026503,-92.765329,43227,59834.0,7.0
29031,Cape Girardeau County,MO,37.384141,-89.685658,81703,65070.0,3.0
29033,Carroll County,MO,39.427375,-93.500226,8513,59101.0,8.0
29035,Carter County,MO,36.944858,-90.945705,5299,45737.0,9.0
29037,Cass County,MO,38.646474,-94.354547,108205,82473.0,1.0
29039,Cedar County,MO,37.733655,-93.850014,14314,43589.0,8.0
29041,Chariton County,MO,39.517968,-92.96162,7417,61910.0,8.0
29043,Christian County,MO,36.969739,-93.187614,89568,75787.0,2.0
29045,Clark County,MO,40.407275,-91.729472,6693,53362.0,9.0
29047,Clay County,MO,39.315551,-94.421502,253085,82264.0,1.0
29049,Clinton County,MO,39.608819,-94.395609,21155,66494.0,1.0
29051,Cole County,MO,38.503233,-92.280027,76890,70667.0,3.0
29053,Cooper County,MO,38.847093,-92.810069,16893,62239.0,3.0
29055,Crawford County,MO,37.966559,-91.313936,23023,52367.0,8.0
29057,Dade County,MO,37.43235,-93.854878,7598,46806.0,8.0
29059,Dallas County,MO,37.683582,-93.033815,17158,46547.0,2.0
29061,Daviess County,MO,39.962839,-93.970053,8418,59706.0,8.0
29063,DeKalb County,MO,39.894665,-94.40719,11838,67910.0,3.0
29065,Dent County,MO,37.603072,-91.489717,14509,51410.0,9.0
29067,Douglas County,MO,36.946517,-92.515892,11803,47848.0,8.0
29069,Dunklin County,MO,36.153025,-90.062254,28174,44868.0,7.0
29071,Franklin County,MO,38.413003,-91.072832,104858,70111.0,1.0
29073,Gasconade County,MO,38.441182,-91.505782,14801,62638.0,8.0
29075,Gentry County,MO,40.208127,-94.405321,6219,53799.0,8.0
29077,Greene County,MO,37.258196,-93.340641,299188,54968.0,2.0
29079,Grundy County,MO,40.11254,-93.565054,9878,51045.0,7.0
29081,Harrison County,MO,40.345676,-93.992466,8190,51809.0,9.0
29083,Henry County,MO,38.386491,-93.792628,22064,54903.0,6.0
29085,Hickory County,MO,37.93691,-93.322988,8452,33302.0,8.0
29087,Holt County,MO,40.095724,-95.219072,4274,55153.0,8.0
29089,Howard County,MO,39.143365,-92.695926,10142,59023.0,3.0
29091,Howell County,MO,36.774369,-91.887368,39960,46401.0,7.0
29093,Iron County,MO,37.625971,-90.699587,9538,53401.0,9.0
29095,Jackson County,MO,39.005793,-94.342998,715526,65169.0,1.0
29097,Jasper County,MO,37.205197,-94.337259,122788,54963.0,3.0
29099,Jefferson County,MO,38.257628,-90.543694,226984,77217.0,1.0
29101,Johnson County,MO,38.74153,-93.811866,54025,62503.0,4.0
29103,Knox County,MO,40.136856,-92.146835,3772,49167.0,9.0
29105,Laclede County,MO,37.659698,-92.594843,36060,49202.0,6.0
29107,Lafayette County,MO,39.068713,-93.802641,32858,78397.0,1.0
29109,Lawrence County,MO,37.106517,-93.830034,38231,52225.0,6.0
29111,Lewis County,MO,40.084559,-91.728803,9987,49779.0,9.0
29113,Lincoln County,MO,39.062262,-90.962925,60172,82543.0,1.0
29115,Linn County,MO,39.86444,-93.108019,11892,58435.0,9.0
29117,Livingston County,MO,39.778516,-93.548201,14402,58772.0,7.0
29119,McDonald County,MO,36.62281,-94.352252,23381,46494.0,8.0
29121,Macon County,MO,39.829795,-92.56434,15173,54113.0,7.0
29123,Madison County,MO,37.474481,-90.343413,12649,54042.0,9.0
29125,Maries County,MO,38.162615,-91.923601,8454,56491.0,8.0
29127,Marion County,MO,39.807538,-91.635379,28525,62492.0,7.0
29129,Mercer County,MO,40.421413,-93.567631,3517,55592.0,9.0
29131,Miller County,MO,38.21668,-92.429876,24855,53490.0,6.0
29133,Mississippi County,MO,36.826264,-89.295929,12305,40833.0,8.0
29135,Moniteau County,MO,38.633037,-92.583642,15401,66792.0,3.0
29137,Monroe County,MO,39.49827,-92.006458,8668,50245.0,9.0
29139,Montgomery County,MO,38.935184,-91.465427,11421,58660.0,8.0
29141,Morgan County,MO,38.42102,-92.874889,21169,48841.0,8.0
29143,New Madrid County,MO,36.594261,-89.655948,16341,44092.0,9.0
29145,Newton County,MO,36.908371,-94.335034,59019,60313.0,3.0
29147,Nodaway County,MO,40.361136,-94.883146,21140,53917.0,6.0
29149,Oregon County,MO,36.68531,-91.401827,8783,41365.0,9.0
29151,Osage County,MO,38.464255,-91.859503,13374,70313.0,3.0
29153,Ozark County,MO,36.64959,-92.458549,8688,39125.0,9.0
29155,Pemiscot County,MO,36.209916,-89.785942,15555,37426.0,7.0
29157,Perry County,MO,37.71113,-89.802125,18970,61486.0,6.0
29159,Pettis County,MO,38.724013,-93.292696,43059,57581.0,5.0
29161,Phelps County,MO,37.866326,-91.79035,44843,53242.0,5.0
29163,Pike County,MO,39.340145,-91.171277,17719,53363.0,8.0
29165,Platte County,MO,39.378679,-94.761491,107033,92543.0,1.0
29167,Polk County,MO,37.616761,-93.400817,31877,54487.0,2.0
29169,Pulaski County,MO,37.824835,-92.207022,53726,62541.0,5.0
29171,Putnam County,MO,40.478606,-93.014531,4698,50950.0,9.0
29173,Ralls County,MO,39.553455,-91.524787,10356,62615.0,9.0
29175,Randolph County,MO,39.439249,-92.492959,24652,51480.0,6.0
29177,Ray County,MO,39.308401,-93.995746,23122,69779.0,1.0
29179,Reynolds County,MO,37.366464,-90.972282,6102,43856.0,9.0
29181,Ripley County,MO,36.645532,-90.869137,10839,42541.0,9.0
29183,St. Charles County,MO,38.781102,-90.674915,406262,99596.0,1.0
29185,St. Clair County,MO,38.042187,-93.777296,9330,43483.0,8.0
29186,Ste. Genevieve County,MO,37.885845,-90.161531,18494,61215.0,8.0
29187,St. Francois County,MO,37.80726,-90.471947,66814,53083.0,4.0
29189,St. Louis County,MO,38.640438,-90.445497,999703,78067.0,1.0
29195,Saline County,MO,39.13584,-93.204164,23219,55396.0,7.0
29197,Schuyler County,MO,40.469361,-92.519016,4066,53728.0,9.0
29199,Scotland County,MO,40.447686,-92.142824,4720,58656.0,9.0
29201,Scott County,MO,37.047793,-89.568098,38055,54621.0,4.0
29203,Shannon County,MO,37.152498,-91.391328,7132,46767.0,9.0
29205,Shelby County,MO,39.797531,-92.088719,6049,50387.0,9.0
29207,Stoddard County,MO,36.851556,-89.947478,28656,51703.0,6.0
29209,Stone County,MO,36.745822,-93.457842,31314,58392.0,6.0
29211,Sullivan County,MO,40.209588,-93.109784,5983,53438.0,9.0
29213,Taney County,MO,36.649827,-93.042819,56202,54467.0,4.0
29215,Texas County,MO,37.314257,-91.964478,24828,42870.0,9.0
29217,Vernon County,MO,37.850232,-94.341701,19777,53318.0,6.0
29219,Warren County,MO,38.761902,-91.159306,35729,75531.0,1.0
29221,Washington County,MO,37.942611,-90.897018,23580,49364.0,8.0
29223,Wayne County,MO,37.113824,-90.456544,11081,42758.0,9.0
29225,Webster County,MO,37.280804,-92.87608,39265,65103.0,2.0
29227,Worth County,MO,40.480499,-94.419198,1982,43536.0,9.0
29229,Wright County,MO,37.267633,-92.479989,18475,43573.0,8.0
29510,St. Louis city,MO,38.635699,-90.244582,298018,52941.0,1.0
30001,Beaverhead County,MT,45.133863,-112.892869,9469,55867.0,9.0
30003,Big Horn County,MT,45.407868,-107.518162,13090,52463.0,8.0
30005,Blaine County,MT,48.42843,-108.967476,7030,58507.0,9.0
30007,Broadwater County,MT,46.333194,-111.495127,6977,61679.0,3.0
30009,Carbon County,MT,45.224276,-109.028251,10645,66780.0,3.0
30011,Carter County,MT,45.516825,-104.515324,1332,46486.0,9.0
30013,Cascade County,MT,47.32076,-111.34749,84423,61351.0,3.0
30015,Chouteau County,MT,47.887507,-110.431085,5897,51791.0,8.0
30017,Custer County,MT,46.282444,-105.56702,11957,61114.0,7.0
30019,Daniels County,MT,48.794429,-105.541739,1535,47378.0,9.0
30021,Dawson County,MT,47.26613,-104.898271,8915,68168.0,7.0
30023,Deer Lodge County,MT,46.09471,-113.141668,9435,46436.0,7.0
30025,Fallon County,MT,46.318414,-104.410065,2941,79750.0,9.0
30027,Fergus County,MT,47.221993,-109.231747,11496,58321.0,7.0
30029,Flathead County,MT,48.295422,-114.052059,105950,68025.0,5.0
30031,Gallatin County,MT,45.518054,-111.163921,119685,83434.0,3.0
30033,Garfield County,MT,47.267184,-106.995991,976,61786.0,9.0
30035,Glacier County,MT,48.705671,-112.990502,13781,41078.0,9.0
30037,Golden Valley County,MT,46.380624,-109.174586,841,54792.0,8.0
30039,Granite County,MT,46.395955,-113.427356,3368,53917.0,8.0
30041,Hill County,MT,48.631959,-110.106321,16238,58427.0,7.0
30043,Jefferson County,MT,46.124232,-112.059428,12273,73875.0,3.0
30045,Judith Basin County,MT,47.032558,-110.30532,2039,58750.0,8.0
30047,Lake County,MT,47.642901,-114.083687,31509,58009.0,6.0
30049,Lewis and Clark County,MT,47.122103,-112.38291,71487,71967.0,3.0
30051,Liberty County,MT,48.545299,-111.036754,1993,48047.0,9.0
30053,Lincoln County,MT,48.552385,-115.463185,20157,44593.0,9.0
30055,McCone County,MT,47.629628,-105.757222,1746,79022.0,9.0
30057,Madison County,MT,45.327321,-111.926048,8742,61226.0,8.0
30059,Meagher County,MT,46.604894,-110.910457,1948,55753.0,8.0
30061,Mineral County,MT,47.129737,-115.085217,4652,56098.0,3.0
30063,Missoula County,MT,47.028029,-113.893469,118541,66840.0,3.0
30065,Musselshell County,MT,46.505281,-108.439763,4924,54875.0,8.0
30067,Park County,MT,45.464046,-110.535443,17320,67602.0,6.0
30069,Petroleum County,MT,47.141917,-108.226575,416,57981.0,9.0
30071,Phillips County,MT,48.250143,-107.928897,4233,61250.0,9.0
30073,Pondera County,MT,48.221367,-112.225322,5987,59861.0,9.0
30075,Powder River County,MT,45.408926,-105.555344,1773,60313.0,9.0
30077,Powell County,MT,46.844225,-112.9311,6998,60994.0,8.0
30079,Prairie County,MT,46.812388,-105.503938,1283,44107.0,9.0
30081,Ravalli County,MT,46.078736,-114.106366,44876,67424.0,6.0
30083,Richland County,MT,47.785357,-104.56104,11366,67515.0,7.0
30085,Roosevelt County,MT,48.282747,-104.99517,10799,51038.0,9.0
30087,Rosebud County,MT,46.173226,-106.666636,8310,57656.0,8.0
30089,Sanders County,MT,47.756497,-115.180306,12615,47110.0,8.0
30091,Sheridan County,MT,48.705587,-104.533916,3700,67457.0,9.0
30093,Silver Bow County,MT,45.896232,-112.660071,35306,56297.0,5.0
30095,Stillwater County,MT,45.658878,-109.381705,8978,78380.0,3.0
30097,Sweet Grass County,MT,45.801426,-109.953174,3697,64872.0,8.0
30099,Teton County,MT,47.819035,-112.281725,6238,65224.0,8.0
30101,Toole County,MT,48.645489,-111.733367,5018,54040.0,9.0
30103,Treasure County,MT,46.227113,-107.275296,680,70096.0,8.0
30105,Valley County,MT,48.34985,-106.670424,7552,59725.0,9.0
30107,Wheatland County,MT,46.496967,-109.857684,2060,48272.0,9.0
30109,Wibaux County,MT,46.962966,-104.274518,1119,58750.0,9.0
30111,Yellowstone County,MT,45.936987,-108.276656,165524,72300.0,3.0
31001,Adams County,NE,40.520632,-98.500044,31143,61502.0,4.0
31003,Antelope County,NE,42.183225,-98.058037,6302,61924.0,9.0
31005,Arthur County,NE,41.57207,-101.6957,485,66667.0,9.0
31007,Banner County,NE,41.53975,-103.726263,670,62375.0,8.0
31009,Blaine County,NE,41.931945,-99.996407,384,52083.0,9.0
31011,Boone County,NE,41.703934,-98.070476,5397,66800.0,9.0
31013,Box Butte County,NE,42.21038,-103.081779,10778,67893.0,7.0
31015,Boyd County,NE,42.894448,-98.773022,1767,57120.0,9.0
31017,Brown County,NE,42.359562,-99.92392,2691,44267.0,9.0
31019,Buffalo County,NE,40.855265,-99.074984,50103,70093.0,4.0
31021,Burt County,NE,41.854179,-96.337746,6717,54950.0,8.0
31023,Butler County,NE,41.226054,-97.132003,8373,75690.0,8.0
31025,Cass County,NE,40.907942,-96.148194,26749,87673.0,2.0
31027,Cedar County,NE,42.604558,-97.256861,8375,72035.0,9.0
31029,Chase County,NE,40.53039,-101.694192,3704,57313.0,9.0
31031,Cherry County,NE,42.570957,-101.042759,5473,62373.0,9.0
31033,Cheyenne County,NE,41.214236,-103.011929,9489,54038.0,7.0
31035,Clay County,NE,40.523669,-98.050858,6088,73933.0,9.0
31037,Colfax County,NE,41.57496,-97.088945,10563,71205.0,7.0
31039,Cuming County,NE,41.915865,-96.788517,9000,68917.0,9.0
31041,Custer County,NE,41.393893,-99.726866,10566,62288.0,9.0
31043,Dakota County,NE,42.390134,-96.564984,21308,66112.0,3.0
31045,Dawes County,NE,42.712923,-103.135711,8279,53760.0,9.0
31047,Dawson County,NE,40.867752,-99.815804,24037,67462.0,7.0
31049,Deuel County,NE,41.111903,-102.332609,1858,58875.0,9.0
31051,Dixon County,NE,42.485198,-96.855771,5579,60568.0,8.0
31053,Dodge County,NE,41.576812,-96.645627,37175,66793.0,4.0
31055,Douglas County,NE,41.297091,-96.154066,582638,76083.0,2.0
31057,Dundy County,NE,40.180165,-101.681133,1825,58977.0,9.0
31059,Fillmore County,NE,40.52504,-97.596705,5557,72335.0,8.0
31061,Franklin County,NE,40.183203,-98.96208,2901,55625.0,9.0
31063,Frontier County,NE,40.530947,-100.406683,2491,62928.0,9.0
31065,Furnas County,NE,40.192252,-99.908637,4630,58895.0,9.0
31067,Gage County,NE,40.255158,-96.683442,21654,60035.0,6.0
31069,Garden County,NE,41.633364,-102.302985,1778,47139.0,9.0
31071,Garfield County,NE,41.906912,-98.951283,1833,64957.0,9.0
31073,Gosper County,NE,40.509095,-99.823206,1873,76583.0,9.0
31075,Grant County,NE,41.8979,-101.793073,649,65139.0,9.0
31077,Greeley County,NE,41.567563,-98.530567,2212,52813.0,8.0
31079,Hall County,NE,40.866025,-98.502662,62575,63553.0,3.0
31081,Hamilton County,NE,40.875625,-98.02329,9400,73254.0,8.0
31083,Harlan County,NE,40.179706,-99.402847,3094,64583.0,9.0
31085,Hayes County,NE,40.537234,-101.047963,919,59405.0,9.0
31087,Hitchcock County,NE,40.176896,-101.044217,2620,49456.0,9.0
31089,Holt County,NE,42.459287,-98.784766,10149,66325.0,9.0
31091,Hooker County,NE,41.920317,-101.117324,659,43333.0,9.0
31093,Howard County,NE,41.216851,-98.513342,6476,70766.0,3.0
31095,Jefferson County,NE,40.18292,-97.156744,7185,54494.0,9.0
31097,Johnson County,NE,40.395481,-96.26438,5294,64352.0,8.0
31099,Kearney County,NE,40.50912,-98.947602,6655,74276.0,9.0
31101,Keith County,NE,41.194245,-101.644449,8303,59511.0,9.0
31103,Keya Paha County,NE,42.87548,-99.718351,987,63977.0,9.0
31105,Kimball County,NE,41.199274,-103.703153,3395,53151.0,8.0
31107,Knox County,NE,42.634404,-97.891349,8415,61250.0,9.0
31109,Lancaster County,NE,40.783547,-96.688658,322063,70387.0,2.0
31111,Lincoln County,NE,41.050323,-100.74448,34532,63019.0,5.0
31113,Logan County,NE,41.580093,-100.407995,839,69250.0,9.0
31115,Loup County,NE,41.8982,-99.514525,629,50000.0,9.0
31117,McPherson County,NE,41.648414,-101.120851,456,58250.0,9.0
31119,Madison County,NE,41.90993,-97.606856,35538,61139.0,5.0
31121,Merrick County,NE,41.16979,-98.031057,7675,57873.0,3.0
31123,Morrill County,NE,41.732204,-102.990594,4562,57325.0,9.0
31125,Nance County,NE,41.402385,-97.991408,3366,60054.0,8.0
31127,Nemaha County,NE,40.387239,-95.852525,7019,57196.0,9.0
31129,Nuckolls County,NE,40.176492,-98.046842,4092,66000.0,9.0
31131,Otoe County,NE,40.637992,-96.131027,15995,73031.0,6.0
31133,Pawnee County,NE,40.137819,-96.245087,2553,55833.0,9.0
31135,Perkins County,NE,40.857624,-101.62747,2860,61786.0,9.0
31137,Phelps County,NE,40.516365,-99.406557,8966,65114.0,7.0
31139,Pierce County,NE,42.271413,-97.610992,7301,65603.0,9.0
31141,Platte County,NE,41.576866,-97.513467,34219,69943.0,5.0
31143,Polk County,NE,41.187925,-97.570663,5182,67695.0,8.0
31145,Red Willow County,NE,40.16942,-100.468576,10690,58344.0,7.0
31147,Richardson County,NE,40.123743,-95.718603,7850,50321.0,9.0
31149,Rock County,NE,42.394749,-99.420851,1312,57566.0,9.0
31151,Saline County,NE,40.516802,-97.131755,14275,71104.0,6.0
31153,Sarpy County,NE,41.115064,-96.109125,191272,95911.0,2.0
31155,Saunders County,NE,41.223256,-96.647175,22374,84474.0,2.0
31157,Scotts Bluff County,NE,41.850506,-103.703021,36048,60137.0,5.0
31159,Seward County,NE,40.871944,-97.140383,17644,79677.0,2.0
31161,Sheridan County,NE,42.508012,-102.358329,5102,53609.0,9.0
31163,Sherman County,NE,41.218743,-98.972849,2970,60194.0,8.0
31165,Sioux County,NE,42.470651,-103.732168,1162,50833.0,9.0
31167,Stanton County,NE,41.905045,-97.177109,5828,76035.0,9.0
31169,Thayer County,NE,40.173134,-97.596095,5006,60305.0,9.0
31171,Thomas County,NE,41.855527,-100.524739,592,70069.0,9.0
31173,Thurston County,NE,42.154061,-96.533943,6716,63459.0,8.0
31175,Valley County,NE,41.564094,-98.983484,4053,62321.0,9.0
31177,Washington County,NE,41.533973,-96.224577,20884,89671.0,2.0
31179,Wayne County,NE,42.210746,-97.126243,9701,64951.0,7.0
31181,Webster County,NE,40.180646,-98.49859,3410,62571.0,9.0
31183,Wheeler County,NE,41.922575,-98.520853,771,59167.0,9.0
31185,York County,NE,40.873056,-97.596742,14212,72914.0,6.0
32001,Churchill County,NV,39.53771,-118.264166,25409,69922.0,6.0
32003,Clark County,NV,36.212099,-115.015239,2265926,69911.0,1.0
32005,Douglas County,NV,38.905259,-119.609487,49476,84262.0,4.0
32007,Elko County,NV,41.141133,-115.351424,53600,87755.0,5.0
32009,Esmeralda County,NV,37.778966,-117.632382,980,40694.0,9.0
32011,Eureka County,NV,39.977788,-116.272208,1622,73929.0,9.0
32013,Humboldt County,NV,41.407914,-118.127591,17266,75574.0,7.0
32015,Lander County,NV,39.90021,-117.04724,5728,92388.0,9.0
32017,Lincoln County,NV,37.634605,-114.863037,4507,67412.0,8.0
32019,Lyon County,NV,39.011462,-119.195477,59435,70026.0,2.0
32021,Mineral County,NV,38.516647,-118.416279,4568,46625.0,8.0
32023,Nye County,NV,37.965864,-116.459011,51698,53602.0,4.0
32027,Pershing County,NV,40.439639,-118.409477,6587,66304.0,8.0
32029,Storey County,NV,39.438385,-119.524646,4095,86932.0,2.0
32031,Washoe County,NV,40.73132,-119.663269,486674,81531.0,2.0
32033,White Pine County,NV,39.418594,-114.901095,8997,71297.0,9.0
32510,Carson City,NV,39.15306,-119.747368,58249,67465.0,3.0
33001,Belknap County,NH,43.519109,-71.425366,63914,80719.0,4.0
33003,Carroll County,NH,43.867774,-71.20156,50679,77049.0,6.0
33005,Cheshire County,NH,42.924835,-72.249142,76610,76551.0,4.0
33007,Coos County,NH,44.652548,-71.289431,31430,55247.0,7.0
33009,Grafton County,NH,43.926439,-71.842424,90836,79949.0,5.0
33011,Hillsborough County,NH,42.911532,-71.723055,422733,95112.0,2.0
33013,Merrimack County,NH,43.299579,-71.680041,153918,88806.0,4.0
33015,Rockingham County,NH,42.988661,-71.099082,315169,110225.0,1.0
33017,Strafford County,NH,43.293272,-71.035589,130965,83212.0,1.0
33019,Sullivan County,NH,43.361188,-72.222084,43356,70788.0,7.0
34001,Atlantic County,NJ,39.469355,-74.633759,274339,73113.0,2.0
34003,Bergen County,NJ,40.959698,-74.074727,953243,118714.0,1.0
34005,Burlington County,NJ,39.875786,-74.663006,461853,102615.0,1.0
34007,Camden County,NJ,39.802215,-74.961617,522581,82005.0,1.0
34009,Cape May County,NJ,39.085785,-74.846032,95456,83870.0,2.0
34011,Cumberland County,NJ,39.328434,-75.121628,153588,62310.0,3.0
34013,Essex County,NJ,40.7874,-74.246292,853374,73785.0,1.0
34015,Gloucester County,NJ,39.722648,-75.145314,302621,99668.0,1.0
34017,Hudson County,NJ,40.731375,-74.078601,712029,86854.0,1.0
34019,Hunterdon County,NJ,40.565283,-74.911969,129099,133534.0,1.0
34021,Mercer County,NJ,40.282503,-74.703724,383732,92697.0,2.0
34023,Middlesex County,NJ,40.439621,-74.40743,860147,105206.0,1.0
34025,Monmouth County,NJ,40.287048,-74.152446,643064,118527.0,1.0
34027,Morris County,NJ,40.858896,-74.547292,508816,130808.0,1.0
34029,Ocean County,NJ,39.863046,-74.256295,638691,82379.0,1.0
34031,Passaic County,NJ,41.036655,-74.299408,519986,84465.0,1.0
34033,Salem County,NJ,39.573828,-75.357356,64840,73378.0,1.0
34035,Somerset County,NJ,40.565823,-74.620156,344978,131948.0,1.0
34037,Sussex County,NJ,41.135454,-74.694893,144808,111094.0,1.0
34039,Union County,NJ,40.659871,-74.308696,572079,95000.0,1.0
34041,Warren County,NJ,40.853495,-75.009487,109739,92620.0,2.0
35001,Bernalillo County,NM,35.053628,-106.66908,674692,62220.0,2.0
35003,Catron County,NM,33.90161,-108.391631,3635,44777.0,9.0
35005,Chaves County,NM,33.361604,-104.469837,64701,49673.0,5.0
35006,Cibola County,NM,34.928272,-107.99268,27211,49866.0,6.0
35007,Colfax County,NM,36.612964,-104.64011,12370,46286.0,7.0
35009,Curry County,NM,34.572984,-103.346055,48327,55427.0,5.0
35011,De Baca County,NM,34.359273,-104.368696,1695,34702.0,9.0
35013,Doña Ana County,NM,32.346505,-106.835319,219870,51232.0,3.0
35015,Eddy County,NM,32.457835,-104.306434,61264,77458.0,5.0
35017,Grant County,NM,32.732087,-108.381504,28006,44895.0,7.0
35019,Guadalupe County,NM,34.869748,-104.784898,4413,38713.0,9.0
35021,Harding County,NM,35.859352,-103.853424,671,39489.0,9.0
35023,Hidalgo County,NM,31.898618,-108.752319,4160,53651.0,9.0
35025,Lea County,NM,32.795687,-103.413271,73103,65855.0,5.0
35027,Lincoln County,NM,33.740841,-105.449805,20222,47919.0,7.0
35028,Los Alamos County,NM,35.869978,-106.307605,19253,135801.0,6.0
35029,Luna County,NM,32.184523,-107.747191,25393,38241.0,6.0
35031,McKinley County,NM,35.584062,-108.253294,72073,44029.0,5.0
35033,Mora County,NM,35.982841,-104.921898,4208,40231.0,8.0
35035,Otero County,NM,32.615599,-105.751308,67850,50833.0,4.0
35037,Quay County,NM,35.107018,-103.548071,8641,38998.0,7.0
35039,Rio Arriba County,NM,36.509669,-106.693983,40285,52031.0,6.0
35041,Roosevelt County,NM,34.021207,-103.483004,19142,52644.0,7.0
35043,Sandoval County,NM,35.685091,-106.883119,149460,76424.0,2.0
35045,San Juan County,NM,36.540774,-108.343307,121798,50734.0,3.0
35047,San Miguel County,NM,35.476747,-104.803344,27215,43490.0,6.0
35049,Santa Fe County,NM,35.514531,-105.963972,154481,70522.0,3.0
35051,Sierra County,NM,33.117209,-107.182196,11506,35256.0,6.0
35053,Socorro County,NM,33.991658,-106.939136,16453,40699.0,6.0
35055,Taos County,NM,36.577183,-105.638878,34475,55145.0,7.0
35057,Torrance County,NM,34.554842,-105.890279,15203,50727.0,2.0
35059,Union County,NM,36.488085,-103.475723,4074,41714.0,9.0
35061,Valencia County,NM,34.71684,-106.806582,76613,56246.0,2.0
36001,Albany County,NY,42.58824,-73.97401,315041,78829.0,2.0
36003,Allegany County,NY,42.247853,-78.026153,47222,58725.0,7.0
36005,Bronx County,NY,40.848711,-73.852939,1443229,47036.0,1.0
36007,Broome County,NY,42.161977,-75.830283,198365,58317.0,3.0
36009,Cattaraugus County,NY,42.239099,-78.662332,77000,56889.0,4.0
36011,Cayuga County,NY,43.008546,-76.574587,76171,63227.0,4.0
36013,Chautauqua County,NY,42.304216,-79.407595,127440,54625.0,4.0
36015,Chemung County,NY,42.148697,-76.752471,83584,61358.0,3.0
36017,Chenango County,NY,42.478024,-75.602241,47096,61741.0,6.0
36019,Clinton County,NY,44.75271,-73.705645,79839,67097.0,4.0
36021,Columbia County,NY,42.247715,-73.626755,61469,81741.0,6.0
36023,Cortland County,NY,42.594039,-76.07624,46755,65029.0,4.0
36025,Delaware County,NY,42.193986,-74.966728,44637,58338.0,8.0
36027,Dutchess County,NY,41.754924,-73.74005,296467,94578.0,2.0
36029,Erie County,NY,42.752759,-78.778192,951232,68014.0,1.0
36031,Essex County,NY,44.109601,-73.778431,37314,68090.0,6.0
36033,Franklin County,NY,44.594376,-74.31067,47459,60270.0,7.0
36035,Fulton County,NY,43.113038,-74.42549,53280,60557.0,4.0
36037,Genesee County,NY,43.00091,-78.192778,58204,68178.0,4.0
36039,Greene County,NY,42.28697,-74.149542,48067,70294.0,6.0
36041,Hamilton County,NY,43.657879,-74.502456,5090,66891.0,8.0
36043,Herkimer County,NY,43.571009,-74.841097,60293,68104.0,2.0
36045,Jefferson County,NY,43.996389,-76.052968,117445,62782.0,3.0
36047,Kings County,NY,40.635045,-73.95064,2679620,74692.0,1.0
36049,Lewis County,NY,43.782706,-75.444132,26690,64401.0,8.0
36051,Livingston County,NY,42.729042,-77.778463,61980,70443.0,1.0
36053,Madison County,NY,42.910178,-75.664413,68020,68869.0,2.0
36055,Monroe County,NY,43.250347,-77.700518,756406,71450.0,1.0
36057,Montgomery County,NY,42.887667,-74.430403,49624,58033.0,4.0
36059,Nassau County,NY,40.729504,-73.589403,1389160,137709.0,1.0
36061,New York County,NY,40.776573,-73.970262,1645867,99880.0,1.0
36063,Niagara County,NY,43.272672,-78.812943,212230,65882.0,1.0
36065,Oneida County,NY,43.242727,-75.434282,231055,66402.0,2.0
36067,Onondaga County,NY,43.006516,-76.196134,472637,71479.0,2.0
36069,Ontario County,NY,42.856357,-77.303497,112288,76603.0,1.0
36071,Orange County,NY,41.40241,-74.306252,401237,91806.0,2.0
36073,Orleans County,NY,43.338899,-78.211096,40148,61069.0,1.0
36075,Oswego County,NY,43.461443,-76.209262,118037,65054.0,2.0
36077,Otsego County,NY,42.629776,-75.028841,59678,65778.0,7.0
36079,Putnam County,NY,41.427907,-73.743861,97942,120970.0,1.0
36081,Queens County,NY,40.654658,-73.841209,2360826,82431.0,1.0
36083,Rensselaer County,NY,42.710431,-73.513839,160943,83734.0,2.0
36085,Richmond County,NY,40.561263,-74.1399,492925,96185.0,1.0
36087,Rockland County,NY,41.152343,-74.022725,337326,106173.0,1.0
36089,St. Lawrence County,NY,44.488112,-75.074311,108670,58339.0,4.0
36091,Saratoga County,NY,43.106135,-73.855387,236328,97038.0,2.0
36093,Schenectady County,NY,42.817552,-74.043559,159447,75056.0,2.0
36095,Schoharie County,NY,42.591311,-74.43813,29970,71479.0,2.0
36097,Schuyler County,NY,42.419776,-76.938603,17855,61316.0,8.0
36099,Seneca County,NY,42.782294,-76.827088,33651,64050.0,6.0
36101,Steuben County,NY,42.266725,-77.385525,93584,62506.0,4.0
36103,Suffolk County,NY,40.943554,-72.692218,1524486,122498.0,1.0
36105,Sullivan County,NY,41.719993,-74.771577,78725,67841.0,6.0
36107,Tioga County,NY,42.178057,-76.297456,48344,70427.0,3.0
36109,Tompkins County,NY,42.453073,-76.473489,102555,69995.0,3.0
36111,Ulster County,NY,41.947212,-74.265458,182153,77197.0,3.0
36113,Warren County,NY,43.555105,-73.838139,65684,74531.0,3.0
36115,Washington County,NY,43.317496,-73.43371,61310,68703.0,3.0
36117,Wayne County,NY,43.218114,-77.049402,91324,71007.0,1.0
36119,Westchester County,NY,41.152686,-73.745753,997904,114651.0,1.0
36121,Wyoming County,NY,42.701365,-78.228576,40338,65066.0,8.0
36123,Yates County,NY,42.638237,-77.104324,24713,63974.0,6.0
37001,Alamance County,NC,36.043074,-79.400513,171779,60866.0,3.0
37003,Alexander County,NC,35.920951,-81.177467,36505,62764.0,2.0
37005,Alleghany County,NC,36.489356,-81.132299,10989,42115.0,9.0
37007,Anson County,NC,34.975127,-80.110489,22200,42000.0,1.0
37009,Ashe County,NC,36.443139,-81.499536,26759,49176.0,9.0
37011,Avery County,NC,36.07209,-81.920285,17679,53513.0,9.0
37013,Beaufort County,NC,35.482313,-76.842014,44711,56081.0,6.0
37015,Bertie County,NC,36.059043,-76.962364,17818,41652.0,9.0
37017,Bladen County,NC,34.59186,-78.539379,29807,40476.0,8.0
37019,Brunswick County,NC,34.04094,-78.230715,139721,71193.0,2.0
37021,Buncombe County,NC,35.609371,-82.530423,269449,66531.0,2.0
37023,Burke County,NC,35.746182,-81.70618,87799,53732.0,2.0
37025,Cabarrus County,NC,35.390444,-80.552261,226396,83828.0,1.0
37027,Caldwell County,NC,35.966398,-81.51254,80716,52362.0,2.0
37029,Camden County,NC,36.342344,-76.162488,10547,79120.0,1.0
37031,Carteret County,NC,34.861693,-76.535856,68353,66965.0,4.0
37033,Caswell County,NC,36.395354,-79.339045,22747,56999.0,8.0
37035,Catawba County,NC,35.661883,-81.214906,161011,62070.0,2.0
37037,Chatham County,NC,35.704994,-79.251454,76754,84222.0,2.0
37039,Cherokee County,NC,35.13715,-84.061449,28868,49254.0,9.0
37041,Chowan County,NC,36.128979,-76.602752,13835,51188.0,8.0
37043,Clay County,NC,35.052763,-83.753127,11186,57065.0,9.0
37045,Cleveland County,NC,35.33463,-81.557114,99527,50723.0,4.0
37047,Columbus County,NC,34.261496,-78.639904,50827,43206.0,6.0
37049,Craven County,NC,35.116829,-77.08132,101098,61676.0,4.0
37051,Cumberland County,NC,35.050192,-78.828719,335207,55551.0,2.0
37053,Currituck County,NC,36.411675,-75.924925,28616,82793.0,1.0
37055,Dare County,NC,35.606269,-75.767536,37160,79742.0,4.0
37057,Davidson County,NC,35.795067,-80.207178,169498,58473.0,2.0
37059,Davie County,NC,35.929355,-80.542552,43030,69105.0,2.0
37061,Duplin County,NC,34.934362,-77.933826,49312,49376.0,8.0
37063,Durham County,NC,36.033828,-78.878125,325101,74927.0,2.0
37065,Edgecombe County,NC,35.917078,-77.602737,49067,46370.0,3.0
37067,Forsyth County,NC,36.132466,-80.256961,383739,61229.0,2.0
37069,Franklin County,NC,36.088241,-78.283106,69680,70493.0,1.0
37071,Gaston County,NC,35.292834,-81.177364,228972,62628.0,1.0
37073,Gates County,NC,36.442135,-76.702355,10509,55750.0,1.0
37075,Graham County,NC,35.348652,-83.830926,8047,46010.0,9.0
37077,Granville County,NC,36.299884,-78.657634,61161,68079.0,6.0
37079,Greene County,NC,35.481959,-77.681688,20407,50320.0,8.0
37081,Guilford County,NC,36.079065,-79.788665,539557,62880.0,2.0
37083,Halifax County,NC,36.251438,-77.644842,48772,41629.0,4.0
37085,Harnett County,NC,35.36866,-78.871665,134718,64992.0,4.0
37087,Haywood County,NC,35.558882,-82.981307,62152,56596.0,4.0
37089,Henderson County,NC,35.336427,-82.479583,116469,65508.0,2.0
37091,Hertford County,NC,36.363517,-76.981616,21633,46196.0,8.0
37093,Hoke County,NC,35.017233,-79.241964,52612,57141.0,2.0
37095,Hyde County,NC,35.408157,-76.153687,4636,43724.0,9.0
37097,Iredell County,NC,35.806251,-80.874524,187839,73103.0,1.0
37099,Jackson County,NC,35.285454,-83.123966,42388,51482.0,7.0
37101,Johnston County,NC,35.513419,-78.367348,219042,75288.0,1.0
37103,Jones County,NC,35.032268,-77.356195,9263,53053.0,8.0
37105,Lee County,NC,35.476336,-79.172117,63560,60941.0,4.0
37107,Lenoir County,NC,35.240049,-77.635538,55071,43063.0,4.0
37109,Lincoln County,NC,35.488491,-81.226893,87933,75672.0,1.0
37111,McDowell County,NC,35.682268,-82.048045,44629,53532.0,6.0
37113,Macon County,NC,35.152959,-83.421901,37088,51042.0,7.0
37115,Madison County,NC,35.866478,-82.714233,21414,56664.0,2.0
37117,Martin County,NC,35.847301,-77.119602,21992,44799.0,6.0
37119,Mecklenburg County,NC,35.247291,-80.83358,1115403,79265.0,1.0
37121,Mitchell County,NC,36.012668,-82.165168,14989,55534.0,8.0
37123,Montgomery County,NC,35.327685,-79.910626,25839,55523.0,8.0
37125,Moore County,NC,35.308273,-79.492723,100759,77981.0,3.0
37127,Nash County,NC,35.965945,-77.987555,95015,56770.0,3.0
37129,New Hanover County,NC,34.184872,-77.864613,228134,67515.0,2.0
37131,Northampton County,NC,36.421774,-77.398352,17528,45698.0,9.0
37133,Onslow County,NC,34.761525,-77.496315,203686,59976.0,3.0
37135,Orange County,NC,36.062525,-79.120033,145919,85785.0,2.0
37137,Pamlico County,NC,35.150398,-76.665161,12317,55867.0,9.0
37139,Pasquotank County,NC,36.265493,-76.26037,40454,61411.0,4.0
37141,Pender County,NC,34.512556,-77.888106,61592,74538.0,2.0
37143,Perquimans County,NC,36.180897,-76.403244,13053,59401.0,8.0
37145,Person County,NC,36.388308,-78.973717,39131,60688.0,2.0
37147,Pitt County,NC,35.59249,-77.372739,171196,54915.0,3.0
37149,Polk County,NC,35.277901,-82.167621,19538,60465.0,8.0
37151,Randolph County,NC,35.709915,-79.806215,144403,56423.0,2.0
37153,Richmond County,NC,35.004618,-79.755488,43149,42354.0,4.0
37155,Robeson County,NC,34.63921,-79.100881,117573,39393.0,4.0
37157,Rockingham County,NC,36.381806,-79.782754,91209,50737.0,2.0
37159,Rowan County,NC,35.64701,-80.52199,147067,59717.0,1.0
37161,Rutherford County,NC,35.402722,-81.919599,64680,50512.0,4.0
37163,Sampson County,NC,34.989298,-78.371261,59317,49963.0,6.0
37165,Scotland County,NC,34.840023,-79.477337,34222,41948.0,6.0
37167,Stanly County,NC,35.310449,-80.254374,62723,60634.0,6.0
37169,Stokes County,NC,36.393797,-80.269921,44696,57539.0,2.0
37171,Surry County,NC,36.415416,-80.686463,71429,52743.0,6.0
37173,Swain County,NC,35.568849,-83.465614,14130,52818.0,9.0
37175,Transylvania County,NC,35.21032,-82.816703,33131,62056.0,6.0
37177,Tyrrell County,NC,35.87042,-76.165345,3389,55341.0,9.0
37179,Union County,NC,34.99182,-80.530426,240109,95533.0,1.0
37181,Vance County,NC,36.365481,-78.405434,42492,48340.0,6.0
37183,Wake County,NC,35.789846,-78.650624,1132103,96734.0,1.0
37185,Warren County,NC,36.398105,-78.099899,18803,42282.0,8.0
37187,Washington County,NC,35.844713,-76.572291,11051,38927.0,9.0
37189,Watauga County,NC,36.243937,-81.727556,54540,50034.0,5.0
37191,Wayne County,NC,35.35419,-78.00867,117480,54323.0,3.0
37193,Wilkes County,NC,36.208883,-81.166095,66125,49119.0,6.0
37195,Wilson County,NC,35.700379,-77.921578,78667,49827.0,4.0
37197,Yadkin County,NC,36.162728,-80.670978,37280,57486.0,2.0
37199,Yancey County,NC,35.889326,-82.303954,18538,53103.0,8.0
38001,Adams County,ND,46.096815,-102.533198,2190,57950.0,9.0
38003,Barnes County,ND,46.94255,-98.070195,10826,64447.0,6.0
38005,Benson County,ND,48.071743,-99.351152,5960,63220.0,9.0
38007,Billings County,ND,47.007044,-103.364016,839,74000.0,9.0
38009,Bottineau County,ND,48.794412,-100.831257,6411,80113.0,8.0
38011,Bowman County,ND,46.110144,-103.505943,2975,79709.0,9.0
38013,Burke County,ND,48.786453,-102.520087,2184,94583.0,8.0
38015,Burleigh County,ND,46.978829,-100.469533,98443,82141.0,3.0
38017,Cass County,ND,46.927003,-97.252375,186328,73249.0,3.0
38019,Cavalier County,ND,48.768439,-98.46379,3691,61174.0,9.0
38021,Dickey County,ND,46.107756,-98.496518,5003,60250.0,9.0
38023,Divide County,ND,48.814754,-103.509326,2195,95938.0,9.0
38025,Dunn County,ND,47.354021,-102.611924,4049,91758.0,9.0
38027,Eddy County,ND,47.723436,-98.900474,2345,50375.0,9.0
38029,Emmons County,ND,46.28465,-100.23714,3297,63750.0,8.0
38031,Foster County,ND,47.471431,-98.872876,3388,78426.0,9.0
38033,Golden Valley County,ND,46.938924,-103.844612,1734,84750.0,9.0
38035,Grand Forks County,ND,47.926003,-97.450851,72927,64698.0,3.0
38037,Grant County,ND,46.357827,-101.639049,2320,57069.0,8.0
38039,Griggs County,ND,47.456334,-98.232286,2309,66688.0,9.0
38041,Hettinger County,ND,46.435704,-102.454238,2477,66797.0,9.0
38043,Kidder County,ND,47.027252,-99.766866,2391,57240.0,8.0
38045,LaMoure County,ND,46.464195,-98.526057,4135,70227.0,9.0
38047,Logan County,ND,46.469278,-99.504585,1849,59750.0,9.0
38049,McHenry County,ND,48.233842,-100.633267,5326,78071.0,3.0
38051,McIntosh County,ND,46.095986,-99.440811,2529,64375.0,9.0
38053,McKenzie County,ND,47.742475,-103.403215,14081,83813.0,7.0
38055,McLean County,ND,47.653206,-101.421914,9781,80556.0,8.0
38057,Mercer County,ND,47.303329,-101.82202,8366,82155.0,8.0
38059,Morton County,ND,46.710029,-101.310041,33192,79555.0,3.0
38061,Mountrail County,ND,48.210672,-102.364971,9648,81886.0,8.0
38063,Nelson County,ND,47.918667,-98.204428,3025,62219.0,8.0
38065,Oliver County,ND,47.118079,-101.33142,1832,69722.0,3.0
38067,Pembina County,ND,48.766896,-97.545405,6853,64243.0,9.0
38069,Pierce County,ND,48.238883,-99.966497,3999,59583.0,9.0
38071,Ramsey County,ND,48.266163,-98.739031,11613,61490.0,7.0
38073,Ransom County,ND,46.449276,-97.647554,5663,71462.0,8.0
38075,Renville County,ND,48.712781,-101.658152,2282,77067.0,3.0
38077,Richland County,ND,46.265219,-96.93796,16548,67089.0,6.0
38079,Rolette County,ND,48.768271,-99.840463,12292,53806.0,9.0
38081,Sargent County,ND,46.108204,-97.630051,3828,75648.0,9.0
38083,Sheridan County,ND,47.581376,-100.330964,1338,68684.0,8.0
38085,Sioux County,ND,46.110618,-101.061284,3896,41201.0,9.0
38087,Slope County,ND,46.445834,-103.462462,837,70625.0,9.0
38089,Stark County,ND,46.817031,-102.662026,32989,78734.0,5.0
38091,Steele County,ND,47.451062,-97.71892,1774,85750.0,8.0
38093,Stutsman County,ND,46.972223,-98.956123,21609,59167.0,7.0
38095,Towner County,ND,48.689555,-99.242552,2152,61250.0,9.0
38097,Traill County,ND,47.446271,-97.164636,8004,81157.0,8.0
38099,Walsh County,ND,48.376979,-97.72223,10553,68082.0,8.0
38101,Ward County,ND,48.216686,-101.540537,69532,78143.0,3.0
38103,Wells County,ND,47.580851,-99.682213,3990,59732.0,9.0
38105,Williams County,ND,48.355765,-103.501333,39076,86139.0,5.0
39001,Adams County,OH,38.834468,-83.478082,27509,46234.0,8.0
39003,Allen County,OH,40.771626,-84.106461,102087,58976.0,3.0
39005,Ashland County,OH,40.843274,-82.270126,52522,62254.0,6.0
39007,Ashtabula County,OH,41.906696,-80.745302,97666,53663.0,1.0
39009,Athens County,OH,39.332861,-82.04587,61276,48750.0,4.0
39011,Auglaize County,OH,40.561178,-84.224013,46263,75231.0,4.0
39013,Belmont County,OH,40.01891,-80.967831,66554,56943.0,3.0
39015,Brown County,OH,38.931377,-83.866772,43715,66677.0,1.0
39017,Butler County,OH,39.439751,-84.565782,388327,77062.0,1.0
39019,Carroll County,OH,40.579884,-81.090787,26761,59872.0,2.0
39021,Champaign County,OH,40.142659,-83.772111,38715,70486.0,6.0
39023,Clark County,OH,39.917032,-83.783676,135877,58954.0,3.0
39025,Clermont County,OH,39.052054,-84.149485,208851,79573.0,1.0
39027,Clinton County,OH,39.428836,-83.796459,42077,64210.0,6.0
39029,Columbiana County,OH,40.770073,-80.778455,101723,55473.0,4.0
39031,Coshocton County,OH,40.29671,-81.930109,36629,52048.0,7.0
39033,Crawford County,OH,40.848524,-82.924783,41861,52486.0,4.0
39035,Cuyahoga County,OH,41.555037,-81.604957,1256620,60074.0,1.0
39037,Darke County,OH,40.129703,-84.62212,51751,60237.0,6.0
39039,Defiance County,OH,41.321679,-84.486433,38300,69302.0,6.0
39041,Delaware County,OH,40.278941,-83.007462,216074,123995.0,1.0
39043,Erie County,OH,41.394143,-82.586835,75299,65171.0,3.0
39045,Fairfield County,OH,39.747592,-82.626685,159371,82969.0,1.0
39047,Fayette County,OH,39.555214,-83.461876,28901,56773.0,6.0
39049,Franklin County,OH,39.969875,-83.009086,1318149,71070.0,1.0
39051,Fulton County,OH,41.597264,-84.124269,42602,71453.0,2.0
39053,Gallia County,OH,38.817046,-82.301746,29276,55533.0,6.0
39055,Geauga County,OH,41.499322,-81.173505,95455,97162.0,1.0
39057,Greene County,OH,39.687479,-83.894894,167567,81243.0,2.0
39059,Guernsey County,OH,40.056665,-81.497875,38409,53901.0,6.0
39061,Hamilton County,OH,39.196927,-84.544187,827671,68249.0,1.0
39063,Hancock County,OH,41.010528,-83.666417,75072,67006.0,4.0
39065,Hardin County,OH,40.660415,-83.664077,30622,55876.0,6.0
39067,Harrison County,OH,40.292318,-81.091565,14528,54056.0,8.0
39069,Henry County,OH,41.332262,-84.069427,27601,71616.0,6.0
39071,Highland County,OH,39.184422,-83.601359,43285,60522.0,6.0
39073,Hocking County,OH,39.490342,-82.483447,28104,59007.0,1.0
39075,Holmes County,OH,40.565618,-81.930019,44273,72987.0,9.0
39077,Huron County,OH,41.14508,-82.594641,58518,64144.0,4.0
39079,Jackson County,OH,39.013477,-82.614142,32563,56549.0,7.0
39081,Jefferson County,OH,40.399384,-80.763527,65280,53124.0,3.0
39083,Knox County,OH,40.403602,-82.422379,62657,71246.0,6.0
39085,Lake County,OH,41.778142,-81.19733,232236,76835.0,1.0
39087,Lawrence County,OH,38.603836,-82.51707,57994,51846.0,2.0
39089,Licking County,OH,40.094824,-82.479896,178844,78505.0,1.0
39091,Logan County,OH,40.387553,-83.766343,46098,69125.0,4.0
39093,Lorain County,OH,41.438805,-82.179722,313101,67272.0,1.0
39095,Lucas County,OH,41.682321,-83.468903,430014,57265.0,2.0
39097,Madison County,OH,39.896594,-83.400885,43961,77062.0,1.0
39099,Mahoning County,OH,41.01088,-80.770396,227979,54279.0,2.0
39101,Marion County,OH,40.588034,-83.168803,65366,55106.0,4.0
39103,Medina County,OH,41.116174,-81.899764,182347,89968.0,1.0
39105,Meigs County,OH,39.089807,-82.028397,22242,46255.0,8.0
39107,Mercer County,OH,40.535331,-84.632056,42321,73278.0,7.0
39109,Miami County,OH,40.053326,-84.228413,108818,71440.0,2.0
39111,Monroe County,OH,39.726248,-81.091002,13401,55381.0,8.0
39113,Montgomery County,OH,39.753736,-84.290591,536121,61942.0,2.0
39115,Morgan County,OH,39.624946,-81.861697,13851,51056.0,8.0
39117,Morrow County,OH,40.525266,-82.797729,35049,70412.0,1.0
39119,Muskingum County,OH,39.966046,-81.943506,86393,56810.0,4.0
39121,Noble County,OH,39.767241,-81.452544,14216,51547.0,9.0
39123,Ottawa County,OH,41.545495,-83.012613,40367,69515.0,3.0
39125,Paulding County,OH,41.118948,-84.582125,18827,65331.0,8.0
39127,Perry County,OH,39.743187,-82.237952,35451,62899.0,1.0
39129,Pickaway County,OH,39.648947,-83.052827,58809,67600.0,1.0
39131,Pike County,OH,39.071186,-83.052869,27151,50832.0,9.0
39133,Portage County,OH,41.16897,-81.196962,161217,69796.0,2.0
39135,Preble County,OH,39.73881,-84.644758,40929,66355.0,6.0
39137,Putnam County,OH,41.024423,-84.129552,34400,79453.0,6.0
39139,Richland County,OH,40.774159,-82.542768,125008,56557.0,3.0
39141,Ross County,OH,39.322542,-83.058728,76957,58048.0,4.0
39143,Sandusky County,OH,41.355319,-83.142776,58885,60814.0,4.0
39145,Scioto County,OH,38.814889,-82.998675,73716,46360.0,4.0
39147,Seneca County,OH,41.119992,-83.127547,55062,62476.0,4.0
39149,Shelby County,OH,40.33668,-84.204142,48145,73502.0,4.0
39151,Stark County,OH,40.814131,-81.365667,374199,63130.0,2.0
39153,Summit County,OH,41.121847,-81.534928,539361,68360.0,2.0
39155,Trumbull County,OH,41.306374,-80.7704,201749,53537.0,2.0
39157,Tuscarawas County,OH,40.447573,-81.471069,92840,61953.0,4.0
39159,Union County,OH,40.295901,-83.367042,63411,104496.0,1.0
39161,Van Wert County,OH,40.854493,-84.587638,28833,64841.0,6.0
39163,Vinton County,OH,39.252858,-82.486204,12790,50967.0,8.0
39165,Warren County,OH,39.425663,-84.16994,243189,103128.0,1.0
39167,Washington County,OH,39.450602,-81.490538,59639,59053.0,4.0
39169,Wayne County,OH,40.829661,-81.887194,116680,70320.0,4.0
39171,Williams County,OH,41.564959,-84.584324,36973,60632.0,7.0
39173,Wood County,OH,41.360183,-83.622682,131564,70537.0,2.0
39175,Wyandot County,OH,40.839782,-83.313681,21818,68552.0,7.0
40001,Adair County,OK,35.898055,-94.650968,19726,44955.0,8.0
40003,Alfalfa County,OK,36.729703,-98.323445,5683,75028.0,8.0
40005,Atoka County,OK,34.392469,-96.036558,14117,49181.0,9.0
40007,Beaver County,OK,36.748334,-100.483056,5071,62981.0,9.0
40009,Beckham County,OK,35.270601,-99.690057,22295,51499.0,7.0
40011,Blaine County,OK,35.877745,-98.428913,8661,56843.0,8.0
40013,Bryan County,OK,33.964004,-96.265135,46528,54289.0,6.0
40015,Caddo County,OK,35.16792,-98.381045,26910,52443.0,6.0
40017,Canadian County,OK,35.543351,-97.979892,156681,82364.0,1.0
40019,Carter County,OK,34.251848,-97.287927,48202,56390.0,5.0
40021,Cherokee County,OK,35.904367,-94.996796,47412,52410.0,6.0
40023,Choctaw County,OK,34.027699,-95.554079,14285,43252.0,9.0
40025,Cimarron County,OK,36.755251,-102.522317,2272,57100.0,9.0
40027,Cleveland County,OK,35.206376,-97.323088,295060,71757.0,1.0
40029,Coal County,OK,34.582861,-96.288038,5287,47117.0,9.0
40031,Comanche County,OK,34.662733,-98.476208,121777,57150.0,3.0
40033,Cotton County,OK,34.290676,-98.373438,5537,60208.0,3.0
40035,Craig County,OK,36.76389,-95.201553,14144,48018.0,6.0
40037,Creek County,OK,35.907398,-96.380177,72076,61657.0,1.0
40039,Custer County,OK,35.645601,-98.997386,28391,58669.0,5.0
40041,Delaware County,OK,36.393435,-94.808191,40791,53290.0,6.0
40043,Dewey County,OK,35.977355,-99.01474,4504,61310.0,9.0
40045,Ellis County,OK,36.224258,-99.750139,3755,57768.0,9.0
40047,Garfield County,OK,36.378131,-97.788729,62456,64165.0,3.0
40049,Garvin County,OK,34.70935,-97.312723,25806,53600.0,6.0
40051,Grady County,OK,35.021058,-97.88689,55314,74349.0,1.0
40053,Grant County,OK,36.788254,-97.788151,4152,58980.0,8.0
40055,Greer County,OK,34.933853,-99.552968,5531,55204.0,9.0
40057,Harmon County,OK,34.745971,-99.844194,2499,55729.0,9.0
40059,Harper County,OK,36.80035,-99.662805,3272,59934.0,9.0
40061,Haskell County,OK,35.224034,-95.087975,11651,46239.0,8.0
40063,Hughes County,OK,35.052934,-96.251183,13409,44799.0,9.0
40065,Jackson County,OK,34.593999,-99.412233,24776,60954.0,7.0
40067,Jefferson County,OK,34.105082,-97.83889,5420,48346.0,8.0
40069,Johnston County,OK,34.313455,-96.654254,10410,48476.0,9.0
40071,Kay County,OK,36.814885,-97.143862,43859,53746.0,4.0
40073,Kingfisher County,OK,35.949429,-97.934542,15290,65167.0,8.0
40075,Kiowa County,OK,34.921489,-98.981617,8446,42679.0,8.0
40077,Latimer County,OK,34.875137,-95.272262,9537,42735.0,9.0
40079,Le Flore County,OK,34.897356,-94.695074,48525,46750.0,6.0
40081,Lincoln County,OK,35.703117,-96.881392,33734,57656.0,1.0
40083,Logan County,OK,35.914277,-97.450952,49919,80565.0,1.0
40085,Love County,OK,33.957804,-97.245093,10158,60758.0,9.0
40087,McClain County,OK,35.016436,-97.449803,42393,80150.0,1.0
40089,McCurtain County,OK,34.117073,-94.766086,31003,47046.0,7.0
40091,McIntosh County,OK,35.369108,-95.671787,19159,43467.0,8.0
40093,Major County,OK,36.313119,-98.542015,7678,67621.0,8.0
40095,Marshall County,OK,34.027007,-96.770533,15494,53734.0,9.0
40097,Mayes County,OK,36.303804,-95.235638,39324,56552.0,6.0
40099,Murray County,OK,34.485766,-97.071556,13837,60213.0,9.0
40101,Muskogee County,OK,35.617551,-95.383911,66606,50289.0,4.0
40103,Noble County,OK,36.384901,-97.236335,10981,66813.0,8.0
40105,Nowata County,OK,36.789615,-95.613312,9460,50960.0,8.0
40107,Okfuskee County,OK,35.466804,-96.327762,11349,45429.0,8.0
40109,Oklahoma County,OK,35.555115,-97.415274,795822,62505.0,1.0
40111,Okmulgee County,OK,35.6435,-95.965947,36900,50819.0,1.0
40113,Osage County,OK,36.624299,-96.408112,46004,58189.0,1.0
40115,Ottawa County,OK,36.835764,-94.802681,30472,46186.0,6.0
40117,Pawnee County,OK,36.313704,-96.696669,15682,56279.0,1.0
40119,Payne County,OK,36.079225,-96.975255,82058,46658.0,4.0
40121,Pittsburg County,OK,34.92554,-95.74813,43758,53054.0,7.0
40123,Pontotoc County,OK,34.721598,-96.691751,38116,59457.0,7.0
40125,Pottawatomie County,OK,35.211413,-96.957008,72734,58270.0,4.0
40127,Pushmataha County,OK,34.377899,-95.408082,10845,42274.0,9.0
40129,Roger Mills County,OK,35.708554,-99.741572,3423,57574.0,9.0
40131,Rogers County,OK,36.377794,-95.601383,95870,75312.0,1.0
40133,Seminole County,OK,35.158365,-96.602858,23592,43239.0,7.0
40135,Sequoyah County,OK,35.502435,-94.750757,39538,47494.0,3.0
40137,Stephens County,OK,34.481361,-97.855607,43140,57065.0,4.0
40139,Texas County,OK,36.746317,-101.483855,21144,55682.0,7.0
40141,Tillman County,OK,34.371085,-98.931701,7013,46306.0,8.0
40143,Tulsa County,OK,36.120322,-95.941817,668923,65229.0,1.0
40145,Wagoner County,OK,35.964474,-95.517711,82269,75082.0,1.0
40147,Washington County,OK,36.704403,-95.906253,52579,59426.0,4.0
40149,Washita County,OK,35.288485,-98.992126,10930,60600.0,9.0
40151,Woods County,OK,36.726984,-98.863649,8661,50724.0,7.0
40153,Woodward County,OK,36.425619,-99.273661,20411,61207.0,7.0
41001,Baker County,OR,44.703463,-117.69226,16685,51657.0,7.0
41003,Benton County,OR,44.513027,-123.408779,95615,72882.0,3.0
41005,Clackamas County,OR,45.160493,-122.195127,420925,95740.0,1.0
41007,Clatsop County,OR,46.024509,-123.705037,41190,68025.0,4.0
41009,Columbia County,OR,45.941932,-123.081079,52865,83265.0,1.0
41011,Coos County,OR,43.18591,-124.094133,64908,57563.0,5.0
41013,Crook County,OR,44.163054,-120.371585,24987,74969.0,3.0
41015,Curry County,OR,42.466439,-124.210929,23404,64300.0,7.0
41017,Deschutes County,OR,43.915118,-121.225575,199352,82042.0,3.0
41019,Douglas County,OR,43.286328,-123.154476,111322,56440.0,4.0
41021,Gilliam County,OR,45.382955,-120.276246,1983,58409.0,9.0
41023,Grant County,OR,44.496326,-119.014057,7237,56045.0,9.0
41025,Harney County,OR,43.064449,-118.987169,7496,45462.0,9.0
41027,Hood River County,OR,45.511775,-121.655976,23965,80254.0,6.0
41029,Jackson County,OR,42.411621,-122.675611,222604,67690.0,3.0
41031,Jefferson County,OR,44.645151,-121.178632,24659,69345.0,3.0
41033,Josephine County,OR,42.388858,-123.568591,87994,56068.0,3.0
41035,Klamath County,OR,42.683761,-121.646168,69506,57219.0,5.0
41037,Lake County,OR,42.788401,-120.38979,8201,54663.0,9.0
41039,Lane County,OR,43.927642,-122.894858,382218,65157.0,2.0
41041,Lincoln County,OR,44.641061,-123.911212,50334,57794.0,5.0
41043,Linn County,OR,44.488898,-122.537208,128598,69523.0,3.0
41045,Malheur County,OR,43.188625,-117.603191,31538,48371.0,6.0
41047,Marion County,OR,44.900898,-122.57626,345815,70926.0,2.0
41049,Morrow County,OR,45.425496,-119.602311,12140,64975.0,8.0
41051,Multnomah County,OR,45.547168,-122.414003,808098,83668.0,1.0
41053,Polk County,OR,44.900516,-123.398907,87600,77353.0,2.0
41055,Sherman County,OR,45.399216,-120.678512,1900,57171.0,9.0
41057,Tillamook County,OR,45.457735,-123.760963,27345,63098.0,7.0
41059,Umatilla County,OR,45.5912,-118.73388,79904,70322.0,4.0
41061,Union County,OR,45.304081,-117.999149,26286,61946.0,7.0
41063,Wallowa County,OR,45.593753,-117.18558,7439,62238.0,9.0
41065,Wasco County,OR,45.164536,-121.165069,26639,61316.0,7.0
41067,Washington County,OR,45.553542,-123.097615,599541,100121.0,1.0
41069,Wheeler County,OR,44.736415,-120.026861,1407,50774.0,9.0
41071,Yamhill County,OR,45.247827,-123.316399,107674,80125.0,1.0
42001,Adams County,PA,39.869437,-77.21775,104604,78975.0,3.0
42003,Allegheny County,PA,40.469757,-79.980451,1245310,72537.0,1.0
42005,Armstrong County,PA,40.81238,-79.464129,65538,61011.0,1.0
42007,Beaver County,PA,40.68414,-80.350721,167629,67194.0,1.0
42009,Bedford County,PA,39.999256,-78.494378,47613,58337.0,8.0
42011,Berks County,PA,40.413538,-75.927085,428483,74617.0,2.0
42013,Blair County,PA,40.499979,-78.304063,122640,59386.0,3.0
42015,Bradford County,PA,41.791504,-76.502123,60159,60650.0,6.0
42017,Bucks County,PA,40.336887,-75.10706,645163,107826.0,1.0
42019,Butler County,PA,40.913847,-79.918978,194562,82932.0,1.0
42021,Cambria County,PA,40.510419,-78.710653,133263,54221.0,3.0
42023,Cameron County,PA,41.438316,-78.198262,4536,46186.0,9.0
42025,Carbon County,PA,40.918464,-75.704971,65018,64538.0,2.0
42027,Centre County,PA,40.909322,-77.847667,158665,70087.0,3.0
42029,Chester County,PA,39.974029,-75.749751,536474,118574.0,1.0
42031,Clarion County,PA,41.204617,-79.418849,37489,58690.0,6.0
42033,Clearfield County,PA,41.006376,-78.476519,79707,56982.0,4.0
42035,Clinton County,PA,41.239508,-77.629009,37860,59011.0,6.0
42037,Columbia County,PA,41.044033,-76.397089,64924,59457.0,4.0
42039,Crawford County,PA,41.687876,-80.107795,83876,58734.0,4.0
42041,Cumberland County,PA,40.164805,-77.263442,261269,82849.0,2.0
42043,Dauphin County,PA,40.411006,-76.799101,286108,71046.0,2.0
42045,Delaware County,PA,39.916685,-75.398818,575312,86390.0,1.0
42047,Elk County,PA,41.427332,-78.653937,30886,61672.0,7.0
42049,Erie County,PA,42.117952,-80.096386,270495,59396.0,2.0
42051,Fayette County,PA,39.918911,-79.640253,128417,55579.0,1.0
42053,Forest County,PA,41.513304,-79.249705,6959,46188.0,9.0
42055,Franklin County,PA,39.926959,-77.719273,156084,71808.0,3.0
42057,Fulton County,PA,39.91075,-78.122617,14545,63153.0,8.0
42059,Greene County,PA,39.847707,-80.225655,35781,66283.0,6.0
42061,Huntingdon County,PA,40.422311,-77.968595,44123,61300.0,6.0
42063,Indiana County,PA,40.651432,-79.087545,83394,57170.0,4.0
42065,Jefferson County,PA,41.138028,-79.012419,44326,56607.0,7.0
42067,Juniata County,PA,40.530673,-77.400438,23535,61915.0,8.0
42069,Lackawanna County,PA,41.436636,-75.608768,215672,63739.0,2.0
42071,Lancaster County,PA,40.041992,-76.250198,553202,81458.0,2.0
42073,Lawrence County,PA,40.992768,-80.334126,85907,57585.0,1.0
42075,Lebanon County,PA,40.371344,-76.464654,143258,72532.0,3.0
42077,Lehigh County,PA,40.614241,-75.590627,374110,74973.0,2.0
42079,Luzerne County,PA,41.173356,-75.976053,325396,60836.0,2.0
42081,Lycoming County,PA,41.343882,-77.055262,114022,63437.0,3.0
42083,McKean County,PA,41.814803,-78.572282,40459,57861.0,7.0
42085,Mercer County,PA,41.300014,-80.252786,110600,57353.0,4.0
42087,Mifflin County,PA,40.601615,-77.651832,46146,58012.0,4.0
42089,Monroe County,PA,41.056246,-75.329097,168128,80656.0,4.0
42091,Montgomery County,PA,40.209999,-75.370201,856399,107441.0,1.0
42093,Montour County,PA,41.029284,-76.665225,18165,72626.0,6.0
42095,Northampton County,PA,40.752791,-75.307447,314299,82201.0,2.0
42097,Northumberland County,PA,40.852571,-76.705964,91340,55952.0,4.0
42099,Perry County,PA,40.39778,-77.266328,45941,76103.0,2.0
42101,Philadelphia County,PA,40.009297,-75.133271,1593208,57537.0,1.0
42103,Pike County,PA,41.325986,-75.031534,58996,76416.0,6.0
42105,Potter County,PA,41.748587,-77.894436,16390,56491.0,9.0
42107,Schuylkill County,PA,40.703682,-76.217788,143201,63574.0,4.0
42109,Snyder County,PA,40.755412,-77.07302,39797,65914.0,7.0
42111,Somerset County,PA,39.981299,-79.028534,73802,57357.0,6.0
42113,Sullivan County,PA,41.439285,-76.511717,5880,62910.0,8.0
42115,Susquehanna County,PA,41.819665,-75.800969,38540,63968.0,8.0
42117,Tioga County,PA,41.766854,-77.257286,41186,59707.0,8.0
42119,Union County,PA,40.962179,-77.055475,42908,64914.0,6.0
42121,Venango County,PA,41.400733,-79.765678,50475,59278.0,4.0
42123,Warren County,PA,41.834298,-79.298182,38492,57925.0,6.0
42125,Washington County,PA,40.200005,-80.252132,209631,74403.0,1.0
42127,Wayne County,PA,41.647025,-75.293209,51227,59240.0,6.0
42129,Westmoreland County,PA,40.311068,-79.466688,354414,69454.0,1.0
42131,Wyoming County,PA,41.525167,-76.008682,26219,67968.0,2.0
42133,York County,PA,39.921751,-76.728889,457051,79183.0,2.0
44001,Bristol County,RI,41.70684,-71.286687,50658,105875.0,1.0
44003,Kent County,RI,41.675118,-71.580282,170168,85732.0,1.0
44005,Newport County,RI,41.501045,-71.283063,85442,96319.0,1.0
44007,Providence County,RI,41.869384,-71.578286,657984,72579.0,1.0
44009,Washington County,RI,41.396805,-71.620203,129998,99510.0,1.0
45001,Abbeville County,SC,34.229041,-82.454058,24368,49759.0,6.0
45003,Aiken County,SC,33.550069,-81.63291,169865,63212.0,2.0
45005,Allendale County,SC,32.979757,-81.363265,8073,37096.0,8.0
45007,Anderson County,SC,34.52117,-82.638783,204592,62347.0,2.0
45009,Bamberg County,SC,33.203021,-81.053161,13311,43920.0,9.0
45011,Barnwell County,SC,33.260555,-81.434221,20653,42470.0,8.0
45013,Beaufort County,SC,32.354833,-80.685541,189071,81260.0,3.0
45015,Berkeley County,SC,33.2077,-79.953655,231419,77874.0,2.0
45017,Calhoun County,SC,33.674637,-80.780425,14145,55550.0,2.0
45019,Charleston County,SC,32.800458,-79.94248,409840,78795.0,2.0
45021,Cherokee County,SC,35.049796,-81.607647,56200,47011.0,6.0
45023,Chester County,SC,34.689339,-81.161213,32171,50022.0,1.0
45025,Chesterfield County,SC,34.637018,-80.159227,43536,46326.0,6.0
45027,Clarendon County,SC,33.664682,-80.217889,31163,48677.0,8.0
45029,Colleton County,SC,32.849386,-80.656402,38561,46795.0,6.0
45031,Darlington County,SC,34.332185,-79.962115,63025,44317.0,3.0
45033,Dillon County,SC,34.390169,-79.375248,28255,42454.0,6.0
45035,Dorchester County,SC,33.082186,-80.404697,162139,73686.0,2.0
45037,Edgefield County,SC,33.779453,-81.959637,26181,60033.0,2.0
45039,Fairfield County,SC,34.395669,-81.127001,20942,44521.0,2.0
45041,Florence County,SC,34.028535,-79.710233,137015,56088.0,3.0
45043,Georgetown County,SC,33.417785,-79.296104,63594,59782.0,4.0
45045,Greenville County,SC,34.892645,-82.372077,528251,71328.0,2.0
45047,Greenwood County,SC,34.155796,-82.127876,69309,47553.0,4.0
45049,Hampton County,SC,32.778334,-81.143822,18890,40157.0,8.0
45051,Horry County,SC,33.909269,-78.976675,356578,59880.0,2.0
45053,Jasper County,SC,32.430591,-81.021629,29444,60452.0,3.0
45055,Kershaw County,SC,34.338356,-80.590885,65779,61343.0,2.0
45057,Lancaster County,SC,34.686818,-80.703688,97611,72186.0,1.0
45059,Laurens County,SC,34.484231,-82.002946,67456,52077.0,2.0
45061,Lee County,SC,34.15864,-80.251209,16557,39099.0,8.0
45063,Lexington County,SC,33.892365,-81.273031,295934,71280.0,2.0
45065,McCormick County,SC,33.897591,-82.316212,9612,55569.0,8.0
45067,Marion County,SC,34.084548,-79.352407,29212,35972.0,6.0
45069,Marlboro County,SC,34.60167,-79.679435,26585,34275.0,6.0
45071,Newberry County,SC,34.289881,-81.599676,37918,56706.0,6.0
45073,Oconee County,SC,34.748809,-83.061565,78775,56710.0,4.0
45075,Orangeburg County,SC,33.436135,-80.802913,84159,41020.0,4.0
45077,Pickens County,SC,34.885506,-82.723478,131106,57628.0,2.0
45079,Richland County,SC,34.029481,-80.898032,416161,59850.0,2.0
45081,Saluda County,SC,34.005278,-81.727903,18952,51041.0,2.0
45083,Spartanburg County,SC,34.93485,-81.993371,330119,61955.0,2.0
45085,Sumter County,SC,33.91614,-80.382376,105199,53970.0,3.0
45087,Union County,SC,34.689564,-81.615575,27158,42305.0,2.0
45089,Williamsburg County,SC,33.626462,-79.716474,30879,40848.0,6.0
45091,York County,SC,34.970187,-81.183187,282987,80158.0,1.0
46003,Aurora County,SD,43.724719,-98.577587,2590,71490.0,9.0
46005,Beadle County,SD,44.418265,-98.279422,19089,63813.0,7.0
46007,Bennett County,SD,43.186912,-101.677181,3391,44821.0,9.0
46009,Bon Homme County,SD,42.985714,-97.884175,7018,57554.0,9.0
46011,Brookings County,SD,44.376675,-96.797797,34631,64438.0,5.0
46013,Brown County,SD,45.589254,-98.352175,38278,70379.0,5.0
46015,Brule County,SD,43.729873,-99.092909,5247,64821.0,9.0
46017,Buffalo County,SD,44.04443,-99.204029,1859,42917.0,9.0
46019,Butte County,SD,44.896226,-103.501436,10369,58106.0,7.0
46021,Campbell County,SD,45.785575,-100.002107,1534,66932.0,9.0
46023,Charles Mix County,SD,43.206185,-98.595143,9302,60729.0,9.0
46025,Clark County,SD,44.855211,-97.724912,3837,59340.0,9.0
46027,Clay County,SD,42.915975,-96.979819,14953,55963.0,6.0
46029,Codington County,SD,44.966285,-97.198837,28402,65747.0,5.0
46031,Corson County,SD,45.688224,-101.185314,3906,48125.0,9.0
46033,Custer County,SD,43.685292,-103.437,8515,75943.0,3.0
46035,Davison County,SD,43.680439,-98.155868,19966,55606.0,7.0
46037,Day County,SD,45.355161,-97.58143,5485,57558.0,9.0
46039,Deuel County,SD,44.75629,-96.690239,4298,76997.0,9.0
46041,Dewey County,SD,45.148049,-100.837953,5275,55077.0,9.0
46043,Douglas County,SD,43.391506,-98.358433,2823,75048.0,9.0
46045,Edmunds County,SD,45.41168,-99.205362,4014,76806.0,9.0
46047,Fall River County,SD,43.221623,-103.512602,7079,54886.0,9.0
46049,Faulk County,SD,45.065476,-99.153564,2140,56734.0,9.0
46051,Grant County,SD,45.172637,-96.772261,7533,70851.0,9.0
46053,Gregory County,SD,43.175142,-99.206591,3983,48272.0,9.0
46055,Haakon County,SD,44.288097,-101.540856,1755,53109.0,9.0
46057,Hamlin County,SD,44.680619,-97.178598,6196,76995.0,9.0
46059,Hand County,SD,44.546713,-99.004575,3075,72857.0,9.0
46061,Hanson County,SD,43.680612,-97.796845,3443,86827.0,8.0
46063,Harding County,SD,45.596514,-103.474266,1176,71484.0,9.0
46065,Hughes County,SD,44.384452,-99.975684,17812,83750.0,7.0
46067,Hutchinson County,SD,43.33671,-97.749383,7401,69139.0,8.0
46069,Hyde County,SD,44.537174,-99.472736,1319,69712.0,9.0
46071,Jackson County,SD,43.677506,-101.626323,2838,26078.0,9.0
46073,Jerauld County,SD,44.06341,-98.62317,1836,66607.0,9.0
46075,Jones County,SD,43.951969,-100.68614,1006,61250.0,9.0
46077,Kingsbury County,SD,44.362969,-97.499313,5172,65964.0,9.0
46079,Lake County,SD,44.02845,-97.123223,11207,74884.0,6.0
46081,Lawrence County,SD,44.348514,-103.806362,26047,62977.0,6.0
46083,Lincoln County,SD,43.279422,-96.722288,65801,92317.0,2.0
46085,Lyman County,SD,43.89479,-99.841843,3719,60284.0,9.0
46087,McCook County,SD,43.680416,-97.358048,5714,74873.0,2.0
46089,McPherson County,SD,45.831528,-99.215768,2251,58529.0,9.0
46091,Marshall County,SD,45.737044,-97.58087,4363,74018.0,9.0
46093,Meade County,SD,44.605518,-102.714408,29970,70256.0,3.0
46095,Mellette County,SD,43.581334,-100.75521,1989,41397.0,9.0
46097,Miner County,SD,44.01655,-97.600404,2312,62037.0,8.0
46099,Minnehaha County,SD,43.667472,-96.795726,197742,73110.0,2.0
46101,Moody County,SD,44.012429,-96.676054,6346,71469.0,8.0
46102,Oglala Lakota County,SD,43.336984,-102.561098,13695,32279.0,9.0
46103,Pennington County,SD,44.002349,-102.823801,110386,67823.0,3.0
46105,Perkins County,SD,45.483387,-102.467995,2970,64410.0,9.0
46107,Potter County,SD,45.052713,-99.962003,2587,71786.0,9.0
46109,Roberts County,SD,45.623397,-96.947551,10242,59022.0,9.0
46111,Sanborn County,SD,44.018942,-98.091709,2373,65806.0,9.0
46115,Spink County,SD,44.923772,-98.339615,6355,65795.0,9.0
46117,Stanley County,SD,44.413984,-100.747822,2979,82298.0,9.0
46119,Sully County,SD,44.722325,-100.131399,1318,66875.0,9.0
46121,Todd County,SD,43.209638,-100.707883,9353,33792.0,9.0
46123,Tripp County,SD,43.349729,-99.876219,5607,56758.0,9.0
46125,Turner County,SD,43.30867,-97.150185,8687,72312.0,2.0
46127,Union County,SD,42.831106,-96.650829,16700,82036.0,3.0
46129,Walworth County,SD,45.427605,-100.027856,5317,57697.0,9.0
46135,Yankton County,SD,43.006603,-97.388361,23311,68847.0,7.0
46137,Ziebach County,SD,44.989764,-101.660827,2455,46023.0,9.0
47001,Anderson County,TN,36.116731,-84.195418,77337,60633.0,2.0
47003,Bedford County,TN,35.51366,-86.458294,50533,59955.0,4.0
47005,Benton County,TN,36.070948,-88.071232,15933,47737.0,9.0
47007,Bledsoe County,TN,35.593561,-85.20591,14816,51783.0,8.0
47009,Blount County,TN,35.688185,-83.922973,135951,70935.0,2.0
47011,Bradley County,TN,35.153914,-84.859414,108859,60692.0,3.0
47013,Campbell County,TN,36.401592,-84.159249,39397,48258.0,2.0
47015,Cannon County,TN,35.799896,-86.071223,14481,57651.0,1.0
47017,Carroll County,TN,35.965748,-88.452379,28381,49700.0,6.0
47019,Carter County,TN,36.284758,-82.126596,56315,47994.0,3.0
47021,Cheatham County,TN,36.255228,-87.100824,41184,77014.0,1.0
47023,Chester County,TN,35.420253,-88.611353,17392,57471.0,3.0
47025,Claiborne County,TN,36.50157,-83.660692,32092,42406.0,6.0
47027,Clay County,TN,36.545749,-85.545717,7592,39572.0,8.0
47029,Cocke County,TN,35.916198,-83.119224,36186,45110.0,6.0
47031,Coffee County,TN,35.488752,-86.078199,58080,57424.0,4.0
47033,Crockett County,TN,35.818795,-89.132494,13955,59136.0,3.0
47035,Cumberland County,TN,35.952415,-84.994863,61552,56002.0,4.0
47037,Davidson County,TN,36.169129,-86.78479,709786,71863.0,1.0
47039,Decatur County,TN,35.603136,-88.110292,11483,48466.0,9.0
47041,DeKalb County,TN,35.982219,-85.833596,20209,46907.0,8.0
47043,Dickson County,TN,36.145533,-87.364155,54563,68492.0,1.0
47045,Dyer County,TN,36.052312,-89.404636,36818,53150.0,6.0
47047,Fayette County,TN,35.196993,-89.413803,42228,81074.0,1.0
47049,Fentress County,TN,36.369892,-84.937764,18642,47884.0,8.0
47051,Franklin County,TN,35.155926,-86.099203,42980,57933.0,7.0
47053,Gibson County,TN,35.991632,-88.933812,50455,55455.0,3.0
47055,Giles County,TN,35.202723,-87.035319,30317,56877.0,6.0
47057,Grainger County,TN,36.277722,-83.509226,23648,47098.0,2.0
47059,Greene County,TN,36.179496,-82.847516,70399,51975.0,4.0
47061,Grundy County,TN,35.393082,-85.710448,13550,47948.0,8.0
47063,Hamblen County,TN,36.218397,-83.266071,64531,49656.0,3.0
47065,Hamilton County,TN,35.159186,-85.202296,367193,69069.0,2.0
47067,Hancock County,TN,36.516699,-83.239839,6726,31809.0,8.0
47069,Hardeman County,TN,35.218785,-88.988697,25519,43566.0,6.0
47071,Hardin County,TN,35.201966,-88.185783,26824,46902.0,6.0
47073,Hawkins County,TN,36.452106,-82.931442,57107,53647.0,2.0
47075,Haywood County,TN,35.586678,-89.282691,17806,44890.0,6.0
47077,Henderson County,TN,35.653994,-88.387674,27845,51576.0,6.0
47079,Henry County,TN,36.325118,-88.29985,32305,48025.0,7.0
47081,Hickman County,TN,35.802327,-87.467116,24996,54669.0,1.0
47083,Houston County,TN,36.285782,-87.705598,8253,51544.0,8.0
47085,Humphreys County,TN,36.040822,-87.790453,19032,54185.0,8.0
47087,Jackson County,TN,36.35425,-85.674128,11730,42357.0,8.0
47089,Jefferson County,TN,36.048452,-83.441216,55017,60393.0,3.0
47091,Johnson County,TN,36.453203,-81.861247,17982,47571.0,8.0
47093,Knox County,TN,35.992726,-83.937721,481406,68580.0,2.0
47095,Lake County,TN,36.333902,-89.485523,6898,32064.0,9.0
47097,Lauderdale County,TN,35.762951,-89.627732,25171,46702.0,6.0
47099,Lawrence County,TN,35.212843,-87.388112,44377,51038.0,6.0
47101,Lewis County,TN,35.523245,-87.496984,12637,44613.0,8.0
47103,Lincoln County,TN,35.142784,-86.593403,35365,61374.0,6.0
47105,Loudon County,TN,35.735153,-84.314094,55507,75008.0,2.0
47107,McMinn County,TN,35.425182,-84.61861,53532,57982.0,4.0
47109,McNairy County,TN,35.175375,-88.56374,25895,46920.0,8.0
47111,Macon County,TN,36.537757,-86.00096,25365,51215.0,1.0
47113,Madison County,TN,35.606154,-88.833271,98644,55280.0,3.0
47115,Marion County,TN,35.134266,-85.618275,28852,58139.0,2.0
47117,Marshall County,TN,35.468328,-86.765866,34567,65325.0,6.0
47119,Maury County,TN,35.615696,-87.077763,102002,71500.0,1.0
47121,Meigs County,TN,35.512203,-84.816102,12839,59434.0,8.0
47123,Monroe County,TN,35.447767,-84.249647,46489,52123.0,6.0
47125,Montgomery County,TN,36.500354,-87.380887,222305,67890.0,2.0
47127,Moore County,TN,35.288888,-86.358684,6558,69250.0,9.0
47129,Morgan County,TN,36.139692,-84.639774,21124,51971.0,2.0
47131,Obion County,TN,36.362912,-89.145776,30670,50638.0,7.0
47133,Overton County,TN,36.34485,-85.283076,22576,46580.0,9.0
47135,Perry County,TN,35.663752,-87.869326,8432,55978.0,9.0
47137,Pickett County,TN,36.559364,-85.075741,5042,44317.0,9.0
47139,Polk County,TN,35.109437,-84.541112,17620,53775.0,3.0
47141,Putnam County,TN,36.14095,-85.49616,80157,54371.0,4.0
47143,Rhea County,TN,35.600579,-84.949597,33031,55568.0,6.0
47145,Roane County,TN,35.84725,-84.523929,53777,66460.0,2.0
47147,Robertson County,TN,36.524385,-86.872594,73297,74440.0,1.0
47149,Rutherford County,TN,35.843369,-86.417213,343727,78291.0,1.0
47151,Scott County,TN,36.430592,-84.504091,21917,39744.0,8.0
47153,Sequatchie County,TN,35.372336,-85.410082,16065,53038.0,2.0
47155,Sevier County,TN,35.787776,-83.524923,98455,60103.0,4.0
47157,Shelby County,TN,35.184553,-89.894612,926440,59621.0,1.0
47159,Smith County,TN,36.271531,-85.941887,20034,57677.0,1.0
47161,Stewart County,TN,36.449545,-87.806244,13724,57257.0,2.0
47163,Sullivan County,TN,36.509681,-82.301336,158722,54357.0,2.0
47165,Sumner County,TN,36.459802,-86.453185,196845,81883.0,1.0
47167,Tipton County,TN,35.498763,-89.747145,61116,70674.0,1.0
47169,Trousdale County,TN,36.39303,-86.156691,11596,62018.0,1.0
47171,Unicoi County,TN,36.100124,-82.418201,17845,49855.0,3.0
47173,Union County,TN,36.28414,-83.836088,19860,57094.0,2.0
47175,Van Buren County,TN,35.699239,-85.458412,6182,44730.0,9.0
47177,Warren County,TN,35.678968,-85.778267,41163,52948.0,6.0
47179,Washington County,TN,36.295665,-82.495037,133282,58507.0,3.0
47181,Wayne County,TN,35.242837,-87.819887,16325,49360.0,8.0
47183,Weakley County,TN,36.303596,-88.721194,32946,47769.0,6.0
47185,White County,TN,35.927566,-85.455455,27420,48220.0,7.0
47187,Williamson County,TN,35.896134,-86.898987,248897,125943.0,1.0
47189,Wilson County,TN,36.149431,-86.291181,149096,89462.0,1.0
48001,Anderson County,TX,31.841261,-95.661727,58077,57445.0,7.0
48003,Andrews County,TX,32.312258,-102.640206,18362,86458.0,6.0
48005,Angelina County,TX,31.251896,-94.611134,86608,57055.0,5.0
48007,Aransas County,TX,28.122621,-96.967501,24048,58168.0,2.0
48009,Archer County,TX,33.616305,-98.687267,8649,69954.0,3.0
48011,Armstrong County,TX,34.964179,-101.356636,1912,70417.0,2.0
48013,Atascosa County,TX,28.891478,-98.535564,49403,67442.0,1.0
48015,Austin County,TX,29.891901,-96.27017,30406,73556.0,1.0
48017,Bailey County,TX,34.067521,-102.830345,6902,69830.0,6.0
48019,Bandera County,TX,29.756799,-99.243594,21182,70965.0,1.0
48021,Bastrop County,TX,30.100772,-97.310639,98435,80151.0,1.0
48023,Baylor County,TX,33.618768,-99.208285,3475,52716.0,9.0
48025,Bee County,TX,28.416077,-97.742586,30977,50283.0,6.0
48027,Bell County,TX,31.037009,-97.479635,372821,62858.0,2.0
48029,Bexar County,TX,29.448671,-98.520147,2014059,67275.0,1.0
48031,Blanco County,TX,30.266203,-98.399332,11608,79717.0,8.0
48033,Borden County,TX,32.73859,-101.439199,686,80625.0,9.0
48035,Bosque County,TX,31.901897,-97.63788,18404,63868.0,2.0
48037,Bowie County,TX,33.446065,-94.422393,92747,56628.0,3.0
48039,Brazoria County,TX,29.167817,-95.434647,374600,91972.0,1.0
48041,Brazos County,TX,30.656713,-96.302394,234548,57562.0,2.0
48043,Brewster County,TX,29.808997,-103.252458,9454,47747.0,7.0
48045,Briscoe County,TX,34.525172,-101.205893,1290,35446.0,8.0
48047,Brooks County,TX,27.034994,-98.215276,7059,30566.0,9.0
48049,Brown County,TX,31.764137,-98.998456,38159,53792.0,5.0
48051,Burleson County,TX,30.493487,-96.622091,17958,71745.0,2.0
48053,Burnet County,TX,30.78963,-98.201187,49684,71482.0,6.0
48055,Caldwell County,TX,29.832399,-97.628141,46141,66779.0,1.0
48057,Calhoun County,TX,28.441719,-96.579574,20127,62267.0,6.0
48059,Callahan County,TX,32.29315,-99.372249,13869,63906.0,3.0
48061,Cameron County,TX,26.102923,-97.478958,421854,47435.0,2.0
48063,Camp County,TX,32.974581,-94.979085,12543,53968.0,8.0
48065,Carson County,TX,35.405496,-101.355356,5801,83199.0,2.0
48067,Cass County,TX,33.083698,-94.357579,28637,54303.0,6.0
48069,Castro County,TX,34.533621,-102.258786,7381,59886.0,9.0
48071,Chambers County,TX,29.696374,-94.669445,47037,106103.0,1.0
48073,Cherokee County,TX,31.843879,-95.156343,50824,56971.0,6.0
48075,Childress County,TX,34.515704,-100.209591,6781,56063.0,9.0
48077,Clay County,TX,33.785904,-98.212917,10290,75227.0,3.0
48079,Cochran County,TX,33.60844,-102.830449,2529,41597.0,2.0
48081,Coke County,TX,31.87711,-100.635231,3305,40230.0,8.0
48083,Coleman County,TX,31.914205,-99.346622,7808,51034.0,8.0
48085,Collin County,TX,33.194485,-96.579432,1079153,113255.0,1.0
48087,Collingsworth County,TX,34.965377,-100.271271,2865,52045.0,9.0
48089,Colorado County,TX,29.596168,-96.508795,20582,63352.0,8.0
48091,Comal County,TX,29.812377,-98.258129,165201,93744.0,1.0
48093,Comanche County,TX,31.951645,-98.549617,13651,57383.0,9.0
48095,Concho County,TX,31.318883,-99.863649,3235,55750.0,8.0
48097,Cooke County,TX,33.639196,-97.210343,41860,66374.0,6.0
48099,Coryell County,TX,31.391177,-97.798022,82927,63281.0,2.0
48101,Cottle County,TX,34.091906,-100.276442,1647,47625.0,9.0
48103,Crane County,TX,31.446338,-102.55169,4636,71364.0,8.0
48105,Crockett County,TX,30.717532,-101.404211,2949,64103.0,8.0
48107,Crosby County,TX,33.609144,-101.29871,5157,50268.0,2.0
48109,Culberson County,TX,31.445908,-104.526945,2181,35924.0,9.0
48111,Dallam County,TX,36.28637,-102.59402,7165,71969.0,7.0
48113,Dallas County,TX,32.766987,-96.778424,2604053,70732.0,1.0
48115,Dawson County,TX,32.742528,-101.948771,12342,45268.0,6.0
48117,Deaf Smith County,TX,34.940766,-102.607564,18585,51942.0,6.0
48119,Delta County,TX,33.385933,-95.67335,5278,68491.0,8.0
48121,Denton County,TX,33.205132,-97.12114,914870,104180.0,1.0
48123,DeWitt County,TX,29.082509,-97.36311,19826,61100.0,6.0
48125,Dickens County,TX,33.615362,-100.787618,1570,46638.0,8.0
48127,Dimmit County,TX,28.423587,-99.765871,8672,27374.0,7.0
48129,Donley County,TX,34.955036,-100.815846,3298,51711.0,8.0
48131,Duval County,TX,27.681123,-98.497393,9960,50697.0,9.0
48133,Eastland County,TX,32.324645,-98.83656,17812,52902.0,8.0
48135,Ector County,TX,31.865301,-102.542507,162300,70566.0,3.0
48137,Edwards County,TX,29.985933,-100.3074,1380,40809.0,9.0
48139,Ellis County,TX,32.34689,-96.796964,195509,93248.0,1.0
48141,El Paso County,TX,31.7622,-106.241374,863832,55417.0,2.0
48143,Erath County,TX,32.236207,-98.218336,42788,59654.0,5.0
48145,Falls County,TX,31.25193,-96.934127,17013,45172.0,2.0
48147,Fannin County,TX,33.591161,-96.104988,36052,65835.0,6.0
48149,Fayette County,TX,29.884853,-96.911002,24564,72881.0,6.0
48151,Fisher County,TX,32.740473,-100.40312,3680,60461.0,8.0
48153,Floyd County,TX,34.07373,-101.303274,5386,49321.0,8.0
48155,Foard County,TX,33.963306,-99.816828,1075,41944.0,9.0
48157,Fort Bend County,TX,29.526602,-95.771015,832607,109987.0,1.0
48159,Franklin County,TX,33.175846,-95.219066,10445,67915.0,9.0
48161,Freestone County,TX,31.701749,-96.144957,19599,55902.0,9.0
48163,Frio County,TX,28.869383,-99.109005,18151,56042.0,6.0
48165,Gaines County,TX,32.743942,-102.631561,21523,73299.0,6.0
48167,Galveston County,TX,29.235268,-94.887776,350801,83913.0,1.0
48169,Garza County,TX,33.183792,-101.301134,5735,56215.0,2.0
48171,Gillespie County,TX,30.325089,-98.941829,26953,70162.0,7.0
48173,Glasscock County,TX,31.868006,-101.521494,1068,112188.0,8.0
48175,Goliad County,TX,28.6607,-97.430415,7092,58125.0,3.0
48177,Gonzales County,TX,29.462881,-97.490097,19736,64255.0,6.0
48179,Gray County,TX,35.402542,-100.812374,21272,54563.0,6.0
48181,Grayson County,TX,33.624548,-96.675777,137008,66608.0,3.0
48183,Gregg County,TX,32.486392,-94.816266,124245,63811.0,2.0
48185,Grimes County,TX,30.543231,-95.988082,29442,63484.0,6.0
48187,Guadalupe County,TX,29.582671,-97.948995,173828,88111.0,1.0
48189,Hale County,TX,34.068436,-101.822888,32525,50721.0,4.0
48191,Hall County,TX,34.453189,-100.576343,2847,43873.0,9.0
48193,Hamilton County,TX,31.707342,-98.111756,8244,54890.0,8.0
48195,Hansford County,TX,36.272847,-101.35693,5270,62350.0,9.0
48197,Hardeman County,TX,34.289904,-99.745697,3541,60455.0,9.0
48199,Hardin County,TX,30.329556,-94.392485,56576,70164.0,2.0
48201,Harris County,TX,29.857273,-95.393037,4726177,70789.0,1.0
48203,Harrison County,TX,32.547994,-94.374419,69098,63427.0,2.0
48205,Hartley County,TX,35.840244,-102.610047,5369,78065.0,9.0
48207,Haskell County,TX,33.175964,-99.730774,5408,52786.0,8.0
48209,Hays County,TX,30.061225,-98.029267,245351,79990.0,1.0
48211,Hemphill County,TX,35.816,-100.27919,3371,67798.0,9.0
48213,Henderson County,TX,32.212436,-95.853439,82627,59778.0,4.0
48215,Hidalgo County,TX,26.399458,-98.176746,873167,49371.0,2.0
48217,Hill County,TX,31.983235,-97.13059,36138,60669.0,6.0
48219,Hockley County,TX,33.605932,-102.343398,21495,53283.0,2.0
48221,Hood County,TX,32.430149,-97.831677,62459,80013.0,4.0
48223,Hopkins County,TX,33.148967,-95.565434,37008,63766.0,6.0
48225,Houston County,TX,31.323036,-95.4216,22107,51043.0,7.0
48227,Howard County,TX,32.30343,-101.438721,34488,67243.0,4.0
48229,Hudspeth County,TX,31.450868,-105.377549,3329,35163.0,2.0
48231,Hunt County,TX,33.123308,-96.08423,101596,66885.0,1.0
48233,Hutchinson County,TX,35.837047,-101.362746,20595,62211.0,6.0
48235,Irion County,TX,31.303424,-100.981304,1561,54708.0,3.0
48237,Jack County,TX,33.235526,-98.169284,8588,58861.0,8.0
48239,Jackson County,TX,28.959802,-96.58908,15010,67176.0,6.0
48241,Jasper County,TX,30.752932,-94.022294,33032,48818.0,6.0
48243,Jeff Davis County,TX,30.628473,-104.190364,1992,38125.0,9.0
48245,Jefferson County,TX,29.854027,-94.149318,254942,57294.0,2.0
48247,Jim Hogg County,TX,27.053231,-98.747572,4830,42292.0,8.0
48249,Jim Wells County,TX,27.733516,-98.090814,39060,46626.0,6.0
48251,Johnson County,TX,32.379654,-97.364906,182690,77058.0,1.0
48253,Jones County,TX,32.744051,-99.877599,19758,59361.0,3.0
48255,Karnes County,TX,28.908613,-97.852707,14805,57798.0,8.0
48257,Kaufman County,TX,32.614502,-96.28819,149773,84075.0,1.0
48259,Kendall County,TX,29.943525,-98.709269,45376,104196.0,1.0
48261,Kenedy County,TX,26.890213,-97.591143,116,45455.0,9.0
48263,Kent County,TX,33.18478,-100.76972,635,68553.0,9.0
48265,Kerr County,TX,30.053717,-99.374442,52810,66713.0,4.0
48267,Kimble County,TX,30.479472,-99.746396,4316,62386.0,9.0
48269,King County,TX,33.614268,-100.245345,216,59375.0,9.0
48271,Kinney County,TX,29.347086,-100.4177,3157,52386.0,9.0
48273,Kleberg County,TX,27.438735,-97.66062,30860,52487.0,4.0
48275,Knox County,TX,33.61189,-99.730356,3333,48750.0,9.0
48277,Lamar County,TX,33.667263,-95.570348,50149,58246.0,5.0
48279,Lamb County,TX,34.068861,-102.348018,13024,54519.0,6.0
48281,Lampasas County,TX,31.196731,-98.240889,21829,73269.0,2.0
48283,La Salle County,TX,28.351098,-99.096774,6965,62798.0,8.0
48285,Lavaca County,TX,29.382578,-96.923633,20379,58530.0,8.0
48287,Lee County,TX,30.321343,-96.976637,17543,66448.0,8.0
48289,Leon County,TX,31.300493,-95.995622,15928,57363.0,8.0
48291,Liberty County,TX,30.186087,-94.855371,93523,59605.0,1.0
48293,Limestone County,TX,31.547543,-96.593623,22222,53102.0,6.0
48295,Lipscomb County,TX,36.2802,-100.272683,3038,71625.0,9.0
48297,Live Oak County,TX,28.351479,-98.126891,11374,55949.0,8.0
48299,Llano County,TX,30.707584,-98.68469,21637,64241.0,7.0
48301,Loving County,TX,31.887608,-103.452974,96,,9.0
48303,Lubbock County,TX,33.611469,-101.819944,311509,61911.0,2.0
48305,Lynn County,TX,33.178412,-101.818493,5619,52996.0,2.0
48307,McCulloch County,TX,31.205477,-99.359856,7638,53214.0,9.0
48309,McLennan County,TX,31.55116,-97.200946,261090,59781.0,2.0
48311,McMullen County,TX,28.384922,-98.578853,670,60313.0,8.0
48313,Madison County,TX,30.966878,-95.930372,13556,65768.0,8.0
48315,Marion County,TX,32.798326,-94.356847,9668,48040.0,8.0
48317,Martin County,TX,32.30983,-101.961836,5228,70217.0,3.0
48319,Mason County,TX,30.703914,-99.236836,3959,77583.0,9.0
48321,Matagorda County,TX,28.77476,-96.001532,36251,56412.0,6.0
48323,Maverick County,TX,28.729787,-100.316678,57806,48497.0,3.0
48325,Medina County,TX,29.353661,-99.111085,51432,73060.0,1.0
48327,Menard County,TX,30.885275,-99.858843,1964,40945.0,9.0
48329,Midland County,TX,31.814269,-102.002454,169393,90123.0,3.0
48331,Milam County,TX,30.791242,-96.984395,25080,56985.0,6.0
48333,Mills County,TX,31.501883,-98.607232,4501,59315.0,9.0
48335,Mitchell County,TX,32.304117,-100.924392,8947,49869.0,7.0
48337,Montague County,TX,33.678356,-97.725014,20197,63336.0,6.0
48339,Montgomery County,TX,30.29881,-95.502962,629989,95946.0,1.0
48341,Moore County,TX,35.835676,-101.890502,21284,59041.0,7.0
48343,Morris County,TX,33.116466,-94.731265,11993,51532.0,8.0
48345,Motley County,TX,34.057899,-100.793152,1223,66528.0,8.0
48347,Nacogdoches County,TX,31.618639,-94.621457,64768,51153.0,5.0
48349,Navarro County,TX,32.043349,-96.476406,52834,56261.0,4.0
48351,Newton County,TX,30.786718,-93.73925,12333,38871.0,8.0
48353,Nolan County,TX,32.312338,-100.418108,14657,47437.0,6.0
48355,Nueces County,TX,27.739975,-97.516301,353245,64027.0,2.0
48357,Ochiltree County,TX,36.278744,-100.815864,9924,62240.0,7.0
48359,Oldham County,TX,35.401921,-102.59762,2171,71103.0,2.0
48361,Orange County,TX,30.11805,-93.89235,84761,71910.0,2.0
48363,Palo Pinto County,TX,32.752296,-98.318009,28569,65242.0,6.0
48365,Panola County,TX,32.163978,-94.305156,22540,58205.0,6.0
48367,Parker County,TX,32.777096,-97.805905,151188,95721.0,1.0
48369,Parmer County,TX,34.532163,-102.784853,9809,65575.0,9.0
48371,Pecos County,TX,30.773298,-102.718153,15114,59325.0,7.0
48373,Polk County,TX,30.784553,-94.837338,50536,57315.0,6.0
48375,Potter County,TX,35.398675,-101.893804,117905,47974.0,2.0
48377,Presidio County,TX,30.005891,-104.261619,6168,29012.0,9.0
48379,Rains County,TX,32.870457,-95.795613,12257,60291.0,8.0
48381,Randall County,TX,34.962529,-101.895547,141489,78038.0,2.0
48383,Reagan County,TX,31.375191,-101.514395,3308,70319.0,8.0
48385,Real County,TX,29.830097,-99.812549,2830,46842.0,9.0
48387,Red River County,TX,33.619625,-95.048429,11627,44583.0,8.0
48389,Reeves County,TX,31.308366,-103.712706,14022,57487.0,7.0
48391,Refugio County,TX,28.322116,-97.162472,6718,54304.0,8.0
48393,Roberts County,TX,35.838596,-100.836682,764,62667.0,9.0
48395,Robertson County,TX,31.025481,-96.514941,16912,59410.0,2.0
48397,Rockwall County,TX,32.899433,-96.411616,110631,121303.0,1.0
48399,Runnels County,TX,31.845073,-99.981315,9858,55424.0,8.0
48401,Rusk County,TX,32.109423,-94.756382,52755,61661.0,2.0
48403,Sabine County,TX,31.3433,-93.851913,9980,47061.0,9.0
48405,San Augustine County,TX,31.382449,-94.16318,7920,45888.0,9.0
48407,San Jacinto County,TX,30.574388,-95.163136,27666,54839.0,1.0
48409,San Patricio County,TX,28.011794,-97.517157,68942,63842.0,2.0
48411,San Saba County,TX,31.155138,-98.819292,5779,54087.0,9.0
48413,Schleicher County,TX,30.896233,-100.527216,2474,53774.0,8.0
48415,Scurry County,TX,32.744353,-100.913346,16883,58932.0,7.0
48417,Shackelford County,TX,32.74382,-99.347005,3134,60924.0,8.0
48419,Shelby County,TX,31.790139,-94.142579,24157,49231.0,7.0
48421,Sherman County,TX,36.278593,-101.899265,2414,66169.0,9.0
48423,Smith County,TX,32.373782,-95.268935,234667,69053.0,3.0
48425,Somervell County,TX,32.218113,-97.770047,9337,87899.0,8.0
48427,Starr County,TX,26.530938,-98.740233,65716,35979.0,4.0
48429,Stephens County,TX,32.738052,-98.839344,9260,44712.0,7.0
48431,Sterling County,TX,31.835944,-101.059876,1392,63558.0,8.0
48433,Stonewall County,TX,33.17958,-100.253807,1331,66591.0,9.0
48435,Sutton County,TX,30.522185,-100.513359,3345,56778.0,9.0
48437,Swisher County,TX,34.526319,-101.743865,6989,40290.0,8.0
48439,Tarrant County,TX,32.772119,-97.291224,2113854,78872.0,1.0
48441,Taylor County,TX,32.297126,-99.89043,143029,61806.0,3.0
48443,Terrell County,TX,30.232343,-102.072513,862,52813.0,9.0
48445,Terry County,TX,33.171229,-102.339284,11816,42694.0,6.0
48447,Throckmorton County,TX,33.170695,-99.205796,1439,55221.0,9.0
48449,Titus County,TX,33.21439,-94.967707,31301,57634.0,7.0
48451,Tom Green County,TX,31.397267,-100.464381,119276,67215.0,3.0
48453,Travis County,TX,30.239526,-97.691053,1289054,92731.0,1.0
48455,Trinity County,TX,31.096675,-95.151687,13735,51165.0,8.0
48457,Tyler County,TX,30.769295,-94.375656,19962,50898.0,8.0
48459,Upshur County,TX,32.735349,-94.941184,41261,60456.0,2.0
48461,Upton County,TX,31.353688,-102.041592,3284,55284.0,8.0
48463,Uvalde County,TX,29.350301,-99.768413,24833,55000.0,6.0
48465,Val Verde County,TX,29.875285,-101.143324,47693,57250.0,5.0
48467,Van Zandt County,TX,32.558787,-95.836906,60053,62334.0,8.0
48469,Victoria County,TX,28.79637,-96.971198,91209,66308.0,3.0
48471,Walker County,TX,30.743126,-95.569842,77182,47193.0,4.0
48473,Waller County,TX,30.01359,-95.982149,57463,71643.0,1.0
48475,Ward County,TX,31.503102,-103.097418,11347,70771.0,6.0
48477,Washington County,TX,30.215075,-96.410272,35807,70043.0,6.0
48479,Webb County,TX,27.746536,-99.335503,267282,59984.0,2.0
48481,Wharton County,TX,29.27848,-96.229674,41614,59712.0,4.0
48483,Wheeler County,TX,35.392622,-100.253088,4980,58158.0,9.0
48485,Wichita County,TX,33.988176,-98.708069,129584,58862.0,3.0
48487,Wilbarger County,TX,34.08492,-99.24244,12795,50769.0,6.0
48489,Willacy County,TX,26.481861,-97.594731,20308,42839.0,6.0
48491,Williamson County,TX,30.649082,-97.605065,617396,102851.0,1.0
48493,Wilson County,TX,29.173883,-98.086734,50381,89708.0,1.0
48495,Winkler County,TX,31.827936,-102.971934,7582,89155.0,6.0
48497,Wise County,TX,33.217314,-97.662987,70062,85385.0,1.0
48499,Wood County,TX,32.783588,-95.382166,45341,61748.0,6.0
48501,Yoakum County,TX,33.162339,-102.832241,7630,80317.0,9.0
48503,Young County,TX,33.158778,-98.67839,17903,65565.0,7.0
48505,Zapata County,TX,26.996981,-99.182603,13896,35061.0,6.0
48507,Zavala County,TX,28.864652,-99.75983,9700,49243.0,7.0
49001,Beaver County,UT,38.357535,-113.238948,7102,80268.0,9.0
49003,Box Elder County,UT,41.622623,-113.060252,58291,72769.0,4.0
49005,Cache County,UT,41.734122,-111.745399,134428,72719.0,3.0
49007,Carbon County,UT,39.673284,-110.588484,20338,53734.0,7.0
49009,Daggett County,UT,40.890099,-109.505785,638,61250.0,9.0
49011,Davis County,UT,41.037748,-112.201943,363032,101285.0,2.0
49013,Duchesne County,UT,40.289393,-110.429584,19779,70821.0,7.0
49015,Emery County,UT,39.009025,-110.7211,9898,67056.0,9.0
49017,Garfield County,UT,37.831663,-111.450907,5121,56481.0,9.0
49019,Grand County,UT,38.974326,-109.57345,9680,59171.0,7.0
49021,Iron County,UT,37.909304,-113.30674,58068,63005.0,4.0
49023,Juab County,UT,39.71412,-112.790471,11943,88048.0,2.0
49025,Kane County,UT,37.275089,-111.815329,7814,70327.0,8.0
49027,Millard County,UT,38.935611,-113.155015,13027,69403.0,9.0
49029,Morgan County,UT,41.091027,-111.577885,12367,120854.0,2.0
49031,Piute County,UT,38.335881,-112.129375,1764,33359.0,9.0
49033,Rich County,UT,41.627598,-111.240227,2543,69250.0,8.0
49035,Salt Lake County,UT,40.667205,-111.921602,1180643,90011.0,1.0
49037,San Juan County,UT,37.602633,-109.791574,14524,52108.0,9.0
49039,Sanpete County,UT,39.373426,-111.576933,28816,64356.0,6.0
49041,Sevier County,UT,38.746824,-111.81193,21667,66972.0,7.0
49043,Summit County,UT,40.87206,-110.968486,42524,126392.0,4.0
49045,Tooele County,UT,40.467753,-113.123979,74032,95545.0,1.0
49047,Uintah County,UT,40.125887,-109.517748,35951,67983.0,7.0
49049,Utah County,UT,40.120418,-111.668563,666021,91263.0,2.0
49051,Wasatch County,UT,40.334884,-111.161568,35009,104855.0,4.0
49053,Washington County,UT,37.262531,-113.4878,183297,71976.0,3.0
49055,Wayne County,UT,38.259856,-110.990872,2532,64870.0,9.0
49057,Weber County,UT,41.270325,-111.876882,262960,82291.0,2.0
50001,Addison County,VT,44.031248,-73.141581,37434,85870.0,6.0
50003,Bennington County,VT,43.035328,-73.111496,37326,68558.0,6.0
50005,Caledonia County,VT,44.468791,-72.112168,30418,62964.0,9.0
50007,Chittenden County,VT,44.464859,-73.069943,168309,89494.0,3.0
50009,Essex County,VT,44.724021,-71.732736,5976,55247.0,9.0
50011,Franklin County,VT,44.858964,-72.909402,50101,73633.0,3.0
50013,Grand Isle County,VT,44.801787,-73.300759,7335,86639.0,3.0
50015,Lamoille County,VT,44.611192,-72.632659,25977,69886.0,8.0
50017,Orange County,VT,44.003373,-72.369579,29439,74534.0,9.0
50019,Orleans County,VT,44.828442,-72.25163,27459,63981.0,9.0
50021,Rutland County,VT,43.612399,-73.060304,60585,62641.0,7.0
50023,Washington County,VT,44.288582,-72.629292,59768,77278.0,4.0
50025,Windham County,VT,42.995278,-72.721867,45857,65473.0,7.0
50027,Windsor County,VT,43.572447,-72.598814,57832,69492.0,7.0
51001,Accomack County,VA,37.763493,-75.75496,33367,52694.0,9.0
51003,Albemarle County,VA,38.024184,-78.553506,112513,97708.0,3.0
51005,Alleghany County,VA,37.787905,-80.008669,15159,52546.0,6.0
51007,Amelia County,VA,37.331927,-77.977462,13309,63438.0,1.0
51009,Amherst County,VA,37.629301,-79.154756,31426,64454.0,2.0
51011,Appomattox County,VA,37.370725,-78.81094,16253,60041.0,2.0
51013,Arlington County,VA,38.878337,-77.100703,235845,137387.0,1.0
51015,Augusta County,VA,38.172643,-79.140793,77433,76124.0,3.0
51017,Bath County,VA,38.068368,-79.731203,4177,55699.0,9.0
51019,Bedford County,VA,37.312677,-79.526862,79761,74773.0,2.0
51021,Bland County,VA,37.130612,-81.125853,6241,59901.0,8.0
51023,Botetourt County,VA,37.565445,-79.797552,33734,77680.0,2.0
51025,Brunswick County,VA,36.764204,-77.861483,15965,52678.0,8.0
51027,Buchanan County,VA,37.26812,-82.038151,20246,39591.0,9.0
51029,Buckingham County,VA,37.573928,-78.529169,16869,59894.0,8.0
51031,Campbell County,VA,37.210152,-79.095428,55518,59022.0,2.0
51033,Caroline County,VA,38.028033,-77.353736,31181,83562.0,8.0
51035,Carroll County,VA,36.732002,-80.727819,29126,49113.0,6.0
51036,Charles City County,VA,37.361054,-77.05417,6760,65573.0,1.0
51037,Charlotte County,VA,37.009042,-78.658568,11563,51548.0,8.0
51041,Chesterfield County,VA,37.378434,-77.585847,366019,95757.0,1.0
51043,Clarke County,VA,39.11505,-77.990598,14882,107475.0,1.0
51045,Craig County,VA,37.447136,-80.290181,4898,66286.0,2.0
51047,Culpeper County,VA,38.48593,-77.956476,52822,92359.0,1.0
51049,Cumberland County,VA,37.520189,-78.252836,9697,56497.0,8.0
51051,Dickenson County,VA,37.136701,-82.34922,14089,40143.0,9.0
51053,Dinwiddie County,VA,37.073498,-77.635492,28057,77225.0,1.0
51057,Essex County,VA,37.935475,-76.927904,10602,52335.0,8.0
51059,Fairfax County,VA,38.82952,-77.273252,1145354,145165.0,1.0
51061,Fauquier County,VA,38.744096,-77.8215,73290,122785.0,1.0
51063,Floyd County,VA,36.931433,-80.350266,15532,57146.0,3.0
51065,Fluvanna County,VA,37.83074,-78.28338,27442,90766.0,3.0
51067,Franklin County,VA,36.989234,-79.883054,54838,66275.0,2.0
51069,Frederick County,VA,39.200322,-78.269606,92007,92443.0,3.0
51071,Giles County,VA,37.314575,-80.707043,16711,61987.0,3.0
51073,Gloucester County,VA,37.404003,-76.523085,38875,83750.0,1.0
51075,Goochland County,VA,37.718814,-77.917626,24906,105600.0,1.0
51077,Grayson County,VA,36.652374,-81.215787,15356,43348.0,9.0
51079,Greene County,VA,38.297981,-78.470163,20631,81338.0,3.0
51081,Greensville County,VA,36.680336,-77.560277,11373,51823.0,6.0
51083,Halifax County,VA,36.766461,-78.939614,34013,49145.0,6.0
51085,Hanover County,VA,37.760215,-77.491317,110513,104678.0,1.0
51087,Henrico County,VA,37.43752,-77.300333,333120,82424.0,1.0
51089,Henry County,VA,36.620612,-79.980662,50760,43694.0,4.0
51091,Highland County,VA,38.366243,-79.564472,2247,57070.0,8.0
51093,Isle of Wight County,VA,36.901418,-76.707569,38898,91680.0,1.0
51095,James City County,VA,37.324837,-76.777888,78818,100711.0,1.0
51097,King and Queen County,VA,37.717772,-76.905581,6681,70147.0,1.0
51099,King George County,VA,38.277,-77.16283,26985,103264.0,8.0
51101,King William County,VA,37.70826,-77.091054,17845,79398.0,1.0
51103,Lancaster County,VA,37.704842,-76.412655,10866,62674.0,9.0
51105,Lee County,VA,36.701721,-83.130112,22287,41619.0,8.0
51107,Loudoun County,VA,39.0812,-77.638898,420773,170463.0,1.0
51109,Louisa County,VA,37.972704,-77.959795,38106,76594.0,8.0
51111,Lunenburg County,VA,36.945555,-78.240528,11988,54438.0,9.0
51113,Madison County,VA,38.412059,-78.276961,13828,74586.0,8.0
51115,Mathews County,VA,37.429301,-76.263794,8537,79054.0,1.0
51117,Mecklenburg County,VA,36.687256,-78.368959,30367,51265.0,7.0
51119,Middlesex County,VA,37.606782,-76.520113,10738,69389.0,8.0
51121,Montgomery County,VA,37.176103,-80.388485,99373,65270.0,3.0
51125,Nelson County,VA,37.789586,-78.883123,14773,64028.0,3.0
51127,New Kent County,VA,37.508572,-76.99883,23296,113120.0,1.0
51131,Northampton County,VA,37.311711,-75.920145,12132,54693.0,8.0
51133,Northumberland County,VA,37.857727,-76.39001,12007,64655.0,9.0
51135,Nottoway County,VA,37.14103,-78.053993,15638,62366.0,8.0
51137,Orange County,VA,38.249326,-78.011092,36593,87309.0,6.0
51139,Page County,VA,38.623209,-78.491872,23753,56760.0,8.0
51141,Patrick County,VA,36.66723,-80.286371,17660,49180.0,8.0
51143,Pittsylvania County,VA,36.821721,-79.398502,60541,52619.0,4.0
51145,Powhatan County,VA,37.549404,-77.912855,30503,108089.0,1.0
51147,Prince Edward County,VA,37.224881,-78.432957,21922,57304.0,6.0
51149,Prince George County,VA,37.187325,-77.220993,42634,80318.0,1.0
51153,Prince William County,VA,38.701119,-77.479579,481114,123193.0,1.0
51155,Pulaski County,VA,37.063385,-80.713444,33841,59740.0,3.0
51157,Rappahannock County,VA,38.684521,-78.168263,7422,98663.0,1.0
51159,Richmond County,VA,37.942894,-76.730561,8968,62708.0,9.0
51161,Roanoke County,VA,37.330792,-80.191237,96653,80872.0,2.0
51163,Rockbridge County,VA,37.814517,-79.447754,22673,61903.0,6.0
51165,Rockingham County,VA,38.507612,-78.885329,83905,73232.0,3.0
51167,Russell County,VA,36.930664,-82.092828,25763,44088.0,8.0
51169,Scott County,VA,36.712776,-82.613624,21536,44535.0,2.0
51171,Shenandoah County,VA,38.856204,-78.573987,44337,62149.0,6.0
51173,Smyth County,VA,36.84205,-81.539649,29799,45061.0,7.0
51175,Southampton County,VA,36.720068,-77.103813,18003,67813.0,6.0
51177,Spotsylvania County,VA,38.182431,-77.657226,141097,105068.0,1.0
51179,Stafford County,VA,38.423084,-77.458048,157606,128036.0,1.0
51181,Surry County,VA,37.119761,-76.880172,6546,68655.0,1.0
51183,Sussex County,VA,36.926645,-77.259732,10866,59195.0,1.0
51185,Tazewell County,VA,37.125395,-81.562924,40392,46508.0,7.0
51187,Warren County,VA,38.908221,-78.207594,40800,79313.0,1.0
51191,Washington County,VA,36.747799,-81.950327,53985,59116.0,2.0
51193,Westmoreland County,VA,38.109311,-76.803933,18480,56647.0,8.0
51195,Wise County,VA,36.974561,-82.62156,36105,47541.0,7.0
51197,Wythe County,VA,36.899879,-81.083027,28275,53921.0,6.0
51199,York County,VA,37.220914,-76.395533,70238,105154.0,1.0
51510,Alexandria city,VA,38.818815,-77.083227,157594,113179.0,1.0
51520,Bristol city,VA,36.617213,-82.157548,17036,45250.0,2.0
51530,Buena Vista city,VA,37.729404,-79.35809,6639,48783.0,6.0
51540,Charlottesville city,VA,38.037658,-78.485381,46289,67177.0,3.0
51550,Chesapeake city,VA,36.679376,-76.301788,249377,92703.0,1.0
51570,Colonial Heights city,VA,37.261685,-77.396804,18158,72216.0,1.0
51580,Covington city,VA,37.78106,-79.985434,5722,45737.0,6.0
51590,Danville city,VA,36.581754,-79.408258,42507,41484.0,4.0
51595,Emporia city,VA,36.696182,-77.535975,5680,41442.0,6.0
51600,Fairfax city,VA,38.853183,-77.299025,24242,128708.0,1.0
51610,Falls Church city,VA,38.884722,-77.175603,14576,164536.0,1.0
51620,Franklin city,VA,36.684014,-76.941396,8194,57537.0,6.0
51630,Fredericksburg city,VA,38.299272,-77.486658,28258,83445.0,1.0
51640,Galax city,VA,36.66564,-80.914308,6687,44612.0,6.0
51650,Hampton city,VA,37.047961,-76.297293,137217,64430.0,1.0
51660,Harrisonburg city,VA,38.436255,-78.873303,51784,56050.0,3.0
51670,Hopewell city,VA,37.29101,-77.298944,23046,50661.0,1.0
51678,Lexington city,VA,37.782332,-79.44432,7346,93651.0,6.0
51680,Lynchburg city,VA,37.399069,-79.195294,79166,56243.0,2.0
51683,Manassas city,VA,38.746808,-77.482633,42620,110559.0,1.0
51685,Manassas Park city,VA,38.769423,-77.440263,17123,91673.0,1.0
51690,Martinsville city,VA,36.683527,-79.863647,13539,39127.0,4.0
51700,Newport News city,VA,37.076456,-76.520641,185118,63355.0,1.0
51710,Norfolk city,VA,36.923015,-76.244641,236973,60998.0,1.0
51720,Norton city,VA,36.931549,-82.625996,3668,36974.0,7.0
51730,Petersburg city,VA,37.20473,-77.392368,33261,46930.0,1.0
51735,Poquoson city,VA,37.12836,-76.303534,12479,114503.0,1.0
51740,Portsmouth city,VA,36.863852,-76.362368,97384,57154.0,1.0
51750,Radford city,VA,37.12012,-80.559149,16379,51039.0,3.0
51760,Richmond city,VA,37.531399,-77.476009,227171,59606.0,1.0
51770,Roanoke city,VA,37.278458,-79.958174,99213,51523.0,2.0
51775,Salem city,VA,37.285333,-80.055241,25372,68402.0,2.0
51790,Staunton city,VA,38.157978,-79.061876,25581,59731.0,3.0
51800,Suffolk city,VA,36.697157,-76.634781,94856,87758.0,1.0
51810,Virginia Beach city,VA,36.779113,-76.02845,457900,87544.0,1.0
51820,Waynesboro city,VA,38.067157,-78.90142,22341,52519.0,3.0
51830,Williamsburg city,VA,37.268945,-76.708655,15486,66815.0,1.0
51840,Winchester city,VA,39.173869,-78.176356,28103,62495.0,3.0
53001,Adams County,WA,47.02022,-118.487965,20557,63105.0,6.0
53003,Asotin County,WA,46.181861,-117.227781,22370,63724.0,3.0
53005,Benton County,WA,46.228125,-119.516659,207560,83778.0,2.0
53007,Chelan County,WA,47.860974,-120.619041,79076,71876.0,3.0
53009,Clallam County,WA,48.109133,-123.888119,77333,66108.0,5.0
53011,Clark County,WA,45.771684,-122.486107,504091,90115.0,1.0
53013,Columbia County,WA,46.29419,-117.89621,3980,68825.0,8.0
53015,Cowlitz County,WA,46.196785,-122.67846,110621,70912.0,3.0
53017,Douglas County,WA,47.741763,-119.694622,43189,79422.0,3.0
53019,Ferry County,WA,48.473256,-118.533589,7260,50424.0,8.0
53021,Franklin County,WA,46.537502,-118.903891,96692,77877.0,2.0
53023,Garfield County,WA,46.429318,-117.536705,2310,57958.0,8.0
53025,Grant County,WA,47.213633,-119.467788,99145,66387.0,5.0
53027,Grays Harbor County,WA,47.111723,-123.826904,75672,59105.0,4.0
53029,Island County,WA,48.158554,-122.670649,86510,82850.0,4.0
53031,Jefferson County,WA,47.805708,-123.527057,33006,64796.0,6.0
53033,King County,WA,47.475046,-121.813743,2254371,116340.0,1.0
53035,Kitsap County,WA,47.639687,-122.649636,275411,93675.0,2.0
53037,Kittitas County,WA,47.124441,-120.676709,44424,66800.0,4.0
53039,Klickitat County,WA,45.87359,-120.778993,22798,66581.0,9.0
53041,Lewis County,WA,46.580071,-122.377444,82663,67247.0,4.0
53043,Lincoln County,WA,47.582743,-118.417692,11036,68172.0,8.0
53045,Mason County,WA,47.350832,-123.173103,66053,74388.0,4.0
53047,Okanogan County,WA,48.548453,-119.742235,42336,58218.0,6.0
53049,Pacific County,WA,46.556587,-123.782419,23396,58889.0,7.0
53051,Pend Oreille County,WA,48.543825,-117.232191,13570,59353.0,8.0
53053,Pierce County,WA,47.051443,-122.153283,918993,91486.0,1.0
53055,San Juan County,WA,48.50719,-123.103769,18001,76745.0,9.0
53057,Skagit County,WA,48.461313,-121.816113,129480,82029.0,3.0
53059,Skamania County,WA,46.024785,-121.953232,12118,84500.0,1.0
53061,Snohomish County,WA,48.054913,-121.765038,828337,104083.0,1.0
53063,Spokane County,WA,47.620375,-117.403371,538711,70394.0,2.0
53065,Stevens County,WA,48.388728,-117.854455,46774,62381.0,2.0
53067,Thurston County,WA,46.935822,-122.830152,294272,88895.0,2.0
53069,Wahkiakum County,WA,46.314477,-123.402186,4476,59167.0,8.0
53071,Walla Walla County,WA,46.254606,-118.48037,62150,66635.0,3.0
53073,Whatcom County,WA,48.842653,-121.836432,226523,77581.0,3.0
53075,Whitman County,WA,46.905944,-117.53539,47141,49345.0,4.0
53077,Yakima County,WA,46.456558,-120.740145,256143,64910.0,2.0
54001,Barbour County,WV,39.13971,-79.996923,15527,44341.0,9.0
54003,Berkeley County,WV,39.447938,-78.037753,123283,73619.0,2.0
54005,Boone County,WV,38.022814,-81.713538,21705,56182.0,3.0
54007,Braxton County,WV,38.69933,-80.73166,12505,42245.0,8.0
54009,Brooke County,WV,40.262737,-80.589121,22349,51963.0,3.0
54011,Cabell County,WV,38.419578,-82.243397,93965,48944.0,2.0
54013,Calhoun County,WV,38.844159,-81.115478,6279,39031.0,8.0
54015,Clay County,WV,38.459826,-81.081866,8049,41530.0,3.0
54017,Doddridge County,WV,39.264307,-80.711498,7847,56587.0,9.0
54019,Fayette County,WV,38.030966,-81.086089,40545,50090.0,3.0
54021,Gilmer County,WV,38.915867,-80.849413,7444,51552.0,9.0
54023,Grant County,WV,39.105988,-79.195064,11034,52877.0,9.0
54025,Greenbrier County,WV,37.92441,-80.450589,32995,45519.0,6.0
54027,Hampshire County,WV,39.312139,-78.611989,23275,55222.0,3.0
54029,Hancock County,WV,40.516958,-80.570164,28907,57515.0,3.0
54031,Hardy County,WV,39.011361,-78.841729,14249,49205.0,8.0
54033,Harrison County,WV,39.279148,-80.385821,65862,56184.0,5.0
54035,Jackson County,WV,38.834234,-81.677717,27868,55173.0,8.0
54037,Jefferson County,WV,39.307398,-77.86322,58043,93744.0,1.0
54039,Kanawha County,WV,38.325037,-81.532775,179895,55226.0,3.0
54041,Lewis County,WV,38.988912,-80.495382,16920,50552.0,9.0
54043,Lincoln County,WV,38.171802,-82.077608,20410,50985.0,8.0
54045,Logan County,WV,37.830591,-81.940853,32350,42194.0,6.0
54047,McDowell County,WV,37.382872,-81.658326,18911,28235.0,9.0
54049,Marion County,WV,39.505839,-80.243402,56194,59974.0,4.0
54051,Marshall County,WV,39.854807,-80.671831,30509,58129.0,3.0
54053,Mason County,WV,38.770914,-82.029007,25488,53058.0,6.0
54055,Mercer County,WV,37.403448,-81.106456,59530,46409.0,4.0
54057,Mineral County,WV,39.404781,-78.95669,26957,64728.0,7.0
54059,Mingo County,WV,37.721161,-82.158989,23466,38305.0,8.0
54061,Monongalia County,WV,39.633645,-80.059074,105988,60893.0,3.0
54063,Monroe County,WV,37.554051,-80.55034,12438,52392.0,8.0
54065,Morgan County,WV,39.557345,-78.256517,17237,61021.0,2.0
54067,Nicholas County,WV,38.291432,-80.797515,24624,48826.0,8.0
54069,Ohio County,WV,40.107623,-80.622802,42224,55521.0,3.0
54071,Pendleton County,WV,38.674345,-79.340593,6156,52458.0,8.0
54073,Pleasants County,WV,39.368133,-81.161172,7622,59666.0,8.0
54075,Pocahontas County,WV,38.332606,-80.010121,7940,41680.0,9.0
54077,Preston County,WV,39.46923,-79.668475,34206,60136.0,3.0
54079,Putnam County,WV,38.510518,-81.906109,57347,75725.0,2.0
54081,Raleigh County,WV,37.762488,-81.264616,74303,47975.0,3.0
54083,Randolph County,WV,38.781095,-79.867788,28005,51186.0,7.0
54085,Ritchie County,WV,39.177112,-81.066317,8507,48973.0,8.0
54087,Roane County,WV,38.74296,-81.354506,14027,41299.0,8.0
54089,Summers County,WV,37.655999,-80.856325,11985,42991.0,8.0
54091,Taylor County,WV,39.332478,-80.046554,16602,52946.0,6.0
54093,Tucker County,WV,39.111175,-79.559968,6747,54053.0,9.0
54095,Tyler County,WV,39.465634,-80.877219,8336,59167.0,9.0
54097,Upshur County,WV,38.90253,-80.231606,23875,49663.0,7.0
54099,Wayne County,WV,38.143642,-82.422666,38933,52694.0,2.0
54101,Webster County,WV,38.483459,-80.449052,8362,43409.0,9.0
54103,Wetzel County,WV,39.59818,-80.635399,14431,50715.0,7.0
54105,Wirt County,WV,39.020034,-81.382975,5202,52776.0,3.0
54107,Wood County,WV,39.218358,-81.519255,84272,54350.0,3.0
54109,Wyoming County,WV,37.603661,-81.549046,21237,44510.0,8.0
55001,Adams County,WI,43.973757,-89.767228,20730,55223.0,8.0
55003,Ashland County,WI,46.544424,-90.679691,16041,57000.0,7.0
55005,Barron County,WI,45.437192,-91.852892,46683,59379.0,6.0
55007,Bayfield County,WI,46.634133,-91.177305,16214,67266.0,8.0
55009,Brown County,WI,44.474024,-87.99613,268393,74066.0,2.0
55011,Buffalo County,WI,44.385633,-91.761294,13329,64238.0,8.0
55013,Burnett County,WI,45.866916,-92.37571,16561,60466.0,8.0
55015,Calumet County,WI,44.07841,-88.212132,52361,84151.0,3.0
55017,Chippewa County,WI,45.069092,-91.283505,66254,69815.0,3.0
55019,Clark County,WI,44.739166,-90.609909,34703,63187.0,8.0
55021,Columbia County,WI,43.471882,-89.330472,58272,79271.0,2.0
55023,Crawford County,WI,43.242768,-90.935185,16123,60823.0,6.0
55025,Dane County,WI,43.067468,-89.417852,559891,84297.0,2.0
55027,Dodge County,WI,43.429628,-88.701939,89032,71747.0,4.0
55029,Door County,WI,45.093417,-87.048683,30038,68257.0,6.0
55031,Douglas County,WI,46.463218,-91.892477,44092,64682.0,2.0
55033,Dunn County,WI,44.947751,-91.897645,45221,69721.0,6.0
55035,Eau Claire County,WI,44.726355,-91.286414,105697,70127.0,3.0
55037,Florence County,WI,45.871822,-88.40699,4574,58049.0,9.0
55039,Fond du Lac County,WI,43.754722,-88.493284,104027,70368.0,3.0
55041,Forest County,WI,45.666881,-88.773326,9239,55552.0,9.0
55043,Grant County,WI,42.870028,-90.694229,51842,63497.0,6.0
55045,Green County,WI,42.675522,-89.605074,37066,76080.0,2.0
55047,Green Lake County,WI,43.780247,-88.97038,19093,66395.0,6.0
55049,Iowa County,WI,43.001021,-90.133691,23766,79226.0,2.0
55051,Iron County,WI,46.32655,-90.261298,6136,55777.0,9.0
55053,Jackson County,WI,44.324613,-90.799941,20958,64630.0,8.0
55055,Jefferson County,WI,43.013804,-88.773985,85932,77018.0,4.0
55057,Juneau County,WI,43.932832,-90.113964,26695,63455.0,8.0
55059,Kenosha County,WI,42.587526,-87.879996,168693,76583.0,3.0
55061,Kewaunee County,WI,44.605677,-87.448008,20570,77610.0,2.0
55063,La Crosse County,WI,43.908226,-91.111577,120216,68731.0,3.0
55065,Lafayette County,WI,42.65901,-90.129739,16716,69293.0,8.0
55067,Langlade County,WI,45.254863,-89.06707,19512,55091.0,6.0
55069,Lincoln County,WI,45.333148,-89.73224,28402,64314.0,6.0
55071,Manitowoc County,WI,44.156137,-87.577352,81242,66412.0,4.0
55073,Marathon County,WI,44.898036,-89.757823,137820,73248.0,3.0
55075,Marinette County,WI,45.346899,-87.991198,41827,60347.0,6.0
55077,Marquette County,WI,43.826005,-89.409007,15619,59748.0,8.0
55078,Menominee County,WI,44.991304,-88.669251,4279,62194.0,9.0
55079,Milwaukee County,WI,42.912643,-87.862312,933063,59319.0,1.0
55081,Monroe County,WI,43.945175,-90.619969,46208,66451.0,4.0
55083,Oconto County,WI,44.996575,-88.206516,39048,73611.0,2.0
55085,Oneida County,WI,45.716176,-89.534533,37799,66111.0,7.0
55087,Outagamie County,WI,44.418226,-88.464988,190611,78705.0,3.0
55089,Ozaukee County,WI,43.501807,-87.847551,91745,92258.0,1.0
55091,Pepin County,WI,44.627436,-91.83489,7363,70833.0,8.0
55093,Pierce County,WI,44.725336,-92.426279,42187,82996.0,1.0
55095,Polk County,WI,45.468651,-92.453747,45128,74142.0,8.0
55097,Portage County,WI,44.476246,-89.49807,70281,71301.0,4.0
55099,Price County,WI,45.679072,-90.35965,14066,55822.0,9.0
55101,Racine County,WI,42.780399,-87.771505,197068,72658.0,3.0
55103,Richland County,WI,43.376199,-90.435693,17256,61985.0,8.0
55105,Rock County,WI,42.66988,-89.075284,163817,70630.0,3.0
55107,Rusk County,WI,45.472734,-91.136744,14179,57473.0,8.0
55109,St. Croix County,WI,45.028959,-92.447284,93752,97950.0,1.0
55111,Sauk County,WI,43.428001,-89.943318,65664,72930.0,4.0
55113,Sawyer County,WI,45.864999,-91.147063,18057,57519.0,9.0
55115,Shawano County,WI,44.789641,-88.755813,40848,65493.0,6.0
55117,Sheboygan County,WI,43.738713,-87.731531,117741,68969.0,3.0
55119,Taylor County,WI,45.211656,-90.504853,19979,61360.0,8.0
55121,Trempealeau County,WI,44.30305,-91.358867,30679,68474.0,8.0
55123,Vernon County,WI,43.596139,-90.8171,30811,65177.0,3.0
55125,Vilas County,WI,46.049848,-89.501254,23146,63726.0,9.0
55127,Walworth County,WI,42.66811,-88.541731,105127,75172.0,4.0
55129,Washburn County,WI,45.892489,-91.796422,16685,58504.0,8.0
55131,Washington County,WI,43.391156,-88.232917,136842,91915.0,1.0
55133,Waukesha County,WI,43.017695,-88.299725,407290,101639.0,1.0
55135,Waupaca County,WI,44.478004,-88.967004,51822,69198.0,6.0
55137,Waushara County,WI,44.112823,-89.239786,24672,61033.0,8.0
55139,Winnebago County,WI,44.085707,-88.668149,171197,70041.0,3.0
55141,Wood County,WI,44.461413,-90.038825,74138,63273.0,4.0
56001,Albany County,WY,41.665514,-105.721883,37525,55887.0,4.0
56003,Big Horn County,WY,44.525117,-107.994848,11690,61262.0,9.0
56005,Campbell County,WY,44.191136,-105.526069,46857,93315.0,5.0
56007,Carbon County,WY,41.702222,-106.925167,14609,65196.0,7.0
56009,Converse County,WY,42.984624,-105.524753,13729,79235.0,6.0
56011,Crook County,WY,44.589266,-104.567298,7258,68876.0,9.0
56013,Fremont County,WY,43.054831,-108.608935,39402,60030.0,7.0
56015,Goshen County,WY,42.089455,-104.35354,12592,62356.0,7.0
56017,Hot Springs County,WY,43.720209,-108.435076,4616,64031.0,9.0
56019,Johnson County,WY,44.044048,-106.588541,8536,60667.0,9.0
56021,Laramie County,WY,41.29283,-104.660395,100316,76282.0,3.0
56023,Lincoln County,WY,42.229993,-110.682961,19794,83033.0,9.0
56025,Natrona County,WY,42.981299,-106.770652,79506,69104.0,3.0
56027,Niobrara County,WY,43.062159,-104.468373,2460,54375.0,9.0
56029,Park County,WY,44.492387,-109.593597,29878,66754.0,7.0
56031,Platte County,WY,42.131593,-104.953963,8618,64753.0,8.0
56033,Sheridan County,WY,44.781369,-106.881211,31176,68898.0,7.0
56035,Sublette County,WY,42.767928,-109.91617,8801,85960.0,9.0
56037,Sweetwater County,WY,41.660328,-108.875677,42079,79375.0,5.0
56039,Teton County,WY,44.048662,-110.426087,23346,108279.0,7.0
56041,Uinta County,WY,41.284726,-110.558947,20546,78164.0,7.0
56043,Washakie County,WY,43.878831,-107.669052,7725,61875.0,9.0
56045,Weston County,WY,43.846213,-104.57002,6870,71800.0,9.0
72001,Adjuntas Municipio,PR,18.18159,-66.758202,17972,17659.0,6.0
72003,Aguada Municipio,PR,18.375641,-67.185727,37998,20301.0,2.0
72005,Aguadilla Municipio,PR,18.480191,-67.143762,54752,18348.0,2.0
72007,Aguas Buenas Municipio,PR,18.256208,-66.130189,24136,23160.0,1.0
72009,Aibonito Municipio,PR,18.130755,-66.264474,24555,22511.0,1.0
72011,Añasco Municipio,PR,18.284444,-67.131157,25497,22673.0,2.0
72013,Arecibo Municipio,PR,18.433966,-66.675213,87217,21799.0,3.0
72015,Arroyo Municipio,PR,17.966384,-66.045968,15797,18496.0,3.0
72017,Barceloneta Municipio,PR,18.470014,-66.558209,22604,20282.0,1.0
72019,Barranquitas Municipio,PR,18.200055,-66.309106,28899,21262.0,1.0
72021,Bayamón Municipio,PR,18.349421,-66.168627,184326,29403.0,1.0
72023,Cabo Rojo Municipio,PR,17.997138,-67.180862,46983,23077.0,3.0
72025,Caguas Municipio,PR,18.211109,-66.050964,126772,29279.0,1.0
72027,Camuy Municipio,PR,18.445469,-66.863134,32733,23263.0,3.0
72029,Canóvanas Municipio,PR,18.331444,-65.886346,42218,26021.0,1.0
72031,Carolina Municipio,PR,18.396776,-65.968778,154126,32888.0,1.0
72033,Cataño Municipio,PR,18.439988,-66.1355,23060,22407.0,1.0
72035,Cayey Municipio,PR,18.103624,-66.151671,41509,26704.0,1.0
72037,Ceiba Municipio,PR,18.253265,-65.620765,11256,22945.0,1.0
72039,Ciales Municipio,PR,18.295913,-66.515588,16924,19618.0,1.0
72041,Cidra Municipio,PR,18.174405,-66.161568,39831,25580.0,1.0
72043,Coamo Municipio,PR,18.1038,-66.357586,34557,20569.0,4.0
72045,Comerío Municipio,PR,18.22504,-66.219421,18817,16153.0,1.0
72047,Corozal Municipio,PR,18.303967,-66.326167,34459,21670.0,1.0
72049,Culebra Municipio,PR,18.325486,-65.30926,1186,25483.0,9.0
72051,Dorado Municipio,PR,18.474376,-66.261973,35786,31485.0,1.0
72053,Fajardo Municipio,PR,18.386378,-65.588454,31984,24309.0,1.0
72054,Florida Municipio,PR,18.36868,-66.562711,11641,21560.0,1.0
72055,Guánica Municipio,PR,17.948209,-66.922935,13682,14525.0,6.0
72057,Guayama Municipio,PR,17.976949,-66.133961,36365,19165.0,3.0
72059,Guayanilla Municipio,PR,18.000137,-66.794127,17670,21312.0,2.0
72061,Guaynabo Municipio,PR,18.343243,-66.113877,89554,43304.0,1.0
72063,Gurabo Municipio,PR,18.27189,-65.980942,40517,39533.0,1.0
72065,Hatillo Municipio,PR,18.441141,-66.79821,38330,24407.0,3.0
72067,Hormigueros Municipio,PR,18.134695,-67.116199,15571,22542.0,3.0
72069,Humacao Municipio,PR,18.135403,-65.786229,50729,25940.0,1.0
72071,Isabela Municipio,PR,18.483997,-67.013979,42817,19965.0,2.0
72073,Jayuya Municipio,PR,18.211699,-66.58689,14726,18363.0,6.0
72075,Juana Díaz Municipio,PR,17.997974,-66.490496,46333,23035.0,2.0
72077,Juncos Municipio,PR,18.224133,-65.908542,36928,25931.0,1.0
72079,Lajas Municipio,PR,17.978695,-67.040045,23202,17131.0,3.0
72081,Lares Municipio,PR,18.276925,-66.869587,27990,18844.0,4.0
72083,Las Marías Municipio,PR,18.227646,-66.977618,8826,16506.0,8.0
72085,Las Piedras Municipio,PR,18.187237,-65.871272,35099,23193.0,1.0
72087,Loíza Municipio,PR,18.440283,-65.922978,23580,21306.0,1.0
72089,Luquillo Municipio,PR,18.367996,-65.709904,17716,22585.0,1.0
72091,Manatí Municipio,PR,18.445644,-66.491021,39310,20385.0,1.0
72093,Maricao Municipio,PR,18.175067,-66.935998,5354,20133.0,8.0
72095,Maunabo Municipio,PR,17.999786,-65.896403,10563,21951.0,1.0
72097,Mayagüez Municipio,PR,18.083937,-67.886317,72721,16788.0,3.0
72099,Moca Municipio,PR,18.375433,-67.079694,37363,20331.0,2.0
72101,Morovis Municipio,PR,18.318017,-66.420392,28659,22282.0,1.0
72103,Naguabo Municipio,PR,18.21107,-65.735749,23340,20486.0,1.0
72105,Naranjito Municipio,PR,18.28992,-66.25344,29153,20616.0,1.0
72107,Orocovis Municipio,PR,18.218365,-66.4367,21378,16869.0,1.0
72109,Patillas Municipio,PR,18.000311,-65.986642,15927,20778.0,3.0
72111,Peñuelas Municipio,PR,18.026647,-66.728237,20298,20072.0,2.0
72113,Ponce Municipio,PR,18.001717,-66.606662,136542,18994.0,2.0
72115,Quebradillas Municipio,PR,18.466357,-66.927603,23540,20209.0,3.0
72117,Rincón Municipio,PR,18.339027,-67.250786,15164,26771.0,2.0
72119,Río Grande Municipio,PR,18.376568,-65.798352,46838,25963.0,1.0
72121,Sabana Grande Municipio,PR,18.084483,-66.947609,22639,20464.0,3.0
72123,Salinas Municipio,PR,17.971919,-66.266388,25688,20123.0,4.0
72125,San Germán Municipio,PR,18.107853,-67.037236,31680,17862.0,3.0
72127,San Juan Municipio,PR,18.422249,-66.069081,340903,26111.0,1.0
72129,San Lorenzo Municipio,PR,18.146921,-65.976915,37552,19629.0,1.0
72131,San Sebastián Municipio,PR,18.331035,-66.968991,39183,17557.0,2.0
72133,Santa Isabel Municipio,PR,17.956006,-66.391099,20207,22680.0,6.0
72135,Toa Alta Municipio,PR,18.364556,-66.244669,66699,32456.0,1.0
72137,Toa Baja Municipio,PR,18.45691,-66.193193,74854,28719.0,1.0
72139,Trujillo Alto Municipio,PR,18.335361,-66.003772,67497,35821.0,1.0
72141,Utuado Municipio,PR,18.270865,-66.702989,28155,17164.0,6.0
72143,Vega Alta Municipio,PR,18.43622,-66.336412,35279,24778.0,1.0
72145,Vega Baja Municipio,PR,18.454437,-66.397999,54182,23701.0,1.0
72147,Vieques Municipio,PR,18.125418,-65.432474,8199,17062.0,6.0
72149,Villalba Municipio,PR,18.130724,-66.472245,21984,22461.0,2.0
72151,Yabucoa Municipio,PR,18.059859,-65.85987,30313,19972.0,1.0
72153,Yauco Municipio,PR,18.085411,-66.858413,33988,19827.0,2.0
